﻿Event Index,UTC Timestamp,UTC Date,Local Timestamp,Local Timezone,Local Date,Experiment ID,Experiment Version,Tree Node Key,Repeat Key,Schedule ID,Participant Public ID,Participant Private ID,Participant Starting Group,Participant Status,Participant Completion Code,Participant External Session ID,Participant Device Type,Participant Device,Participant OS,Participant Browser,Participant Monitor Size,Participant Viewport Size,Checkpoint,Task Name,Task Version,branch-fh7p,branch-inb7,order-l841,order-bvi9,randomiser-s4k1,branch-lfp6,order-svai,branch-8j67,order-md2h,Spreadsheet,Spreadsheet Name,Spreadsheet Row,Trial Number,Screen Number,Screen Name,Zone Name,Zone Type,Reaction Time,Reaction Onset,Response Type,Response,Attempt,Correct,Incorrect,Dishonest,X Coordinate,Y Coordinate,Timed Out,randomise_blocks,randomise_trials,display,Audio_Filename,Same_Different,text,embedded,Attend_Condition,Present_Absent,Absent_Present,Length,Pause,Sequence Pause,Sequence_Names,Switch_Names,Stim_Ind,Stim_Name,Non_attend_dim
1,1680892585879,07/04/2023 18:36:25,1680892422706,-4,07/04/2023 14:33:42,127771,4,task-dymb,,28738490,BLIND,8554460,,complete,,,computer,Desktop or Laptop,Windows 10,Chrome 111.0.0.0,1920x1200,1920x1057,,Perceptual Organization Pilot - Audio,78,,,,,SD-AP,Practice Good,AB,Practice Bad,AB,V4-SD-practice1,,,BEGIN TASK,,,,,,,,,,0,1,0,,,,,,,,,,,,,,,,,,,,,
2,1680892592956,07/04/2023 18:36:32,1680892429820,-4,07/04/2023 14:33:49,127771,4,task-dymb,,28738490,BLIND,8554460,,complete,,,computer,Desktop or Laptop,Windows 10,Chrome 111.0.0.0,1920x1200,1920x1057,,Perceptual Organization Pilot - Audio,78,,,,,SD-AP,Practice Good,AB,Practice Bad,AB,V4-SD-practice1,V4-SD-practice1,1,1,1,Screen 1,advancementZone,continue_button,7100,,,,,0,1,0,,,,,,text,,,"<p style=""font-size: 32px;""> In this practice section, you will hear a sequence of syllables with different pitches, a pause, then another sequence with different pitches. </p><p style=""font-size: 32px;""> Your task is to determine whether the PITCHes in the first sequence are in the same or different order than the PITCHes in the second sequence. </p>",,,,,,,,,,,,
3,1680892593070,07/04/2023 18:36:33,1680892429825,-4,07/04/2023 14:33:49,127771,4,task-dymb,,28738490,BLIND,8554460,,complete,,,computer,Desktop or Laptop,Windows 10,Chrome 111.0.0.0,1920x1200,1920x1057,,Perceptual Organization Pilot - Audio,78,,,,,SD-AP,Practice Good,AB,Practice Bad,AB,V4-SD-practice1,V4-SD-practice1,5,1,1,Screen 1,audio,content_web_audio,0.30000001192092896,,,AUDIO PLAY REQUESTED,1,0,1,0,,,,,1,task-sd-feedback,Block_5_male_1speaker_diff_pitch_6_serial_2_stim1rand_prac.wav,different,,SDprac_corr,### pitch,,,6,10,2000,"['AP_ga-changeduration_Stretch__0_4-changepitchmedian_100__0-changesemitones_-4.wav'
 'AP_dee-changeduration_Stretch__0_4-changepitchmedian_100__0-changesemitones_-8.wav'
 'AP_da-changeduration_Stretch__0_4-changepitchmedian_100__0-changesemitones_-12.wav'
 'AP_doo-changeduration_Stretch__0_4-changepitchmedian_100__0-changesemitones_4.wav'
 'AP_bee-changeduration_Stretch__0_4-changepitchmedian_100__0.wav'
 'AP_ba-changeduration_Stretch__0_4-changepitchmedian_100__0-changesemitones_16.wav']","['AP_bee-changeduration_Stretch__0_4-changepitchmedian_100__0-changesemitones_-4.wav'
 'AP_gee-changeduration_Stretch__0_4-changepitchmedian_100__0-changesemitones_-8.wav'
 'AP_dee-changeduration_Stretch__0_4-changepitchmedian_100__0-changesemitones_4.wav'
 'AP_boo-changeduration_Stretch__0_4-changepitchmedian_100__0-changesemitones_-12.wav'
 'AP_doo-changeduration_Stretch__0_4-changepitchmedian_100__0.wav'
 'AP_da-changeduration_Stretch__0_4-changepitchmedian_100__0-changesemitones_16.wav']",2,,rand
4,1680892599863,07/04/2023 18:36:39,1680892436726,-4,07/04/2023 14:33:56,127771,4,task-dymb,,28738490,BLIND,8554460,,complete,,,computer,Desktop or Laptop,Windows 10,Chrome 111.0.0.0,1920x1200,1920x1057,,Perceptual Organization Pilot - Audio,78,,,,,SD-AP,Practice Good,AB,Practice Bad,AB,V4-SD-practice1,V4-SD-practice1,5,1,1,Screen 1,audio,content_web_audio,6900.70000000298,,,,,0,1,0,,,,,1,task-sd-feedback,Block_5_male_1speaker_diff_pitch_6_serial_2_stim1rand_prac.wav,different,,SDprac_corr,### pitch,,,6,10,2000,"['AP_ga-changeduration_Stretch__0_4-changepitchmedian_100__0-changesemitones_-4.wav'
 'AP_dee-changeduration_Stretch__0_4-changepitchmedian_100__0-changesemitones_-8.wav'
 'AP_da-changeduration_Stretch__0_4-changepitchmedian_100__0-changesemitones_-12.wav'
 'AP_doo-changeduration_Stretch__0_4-changepitchmedian_100__0-changesemitones_4.wav'
 'AP_bee-changeduration_Stretch__0_4-changepitchmedian_100__0.wav'
 'AP_ba-changeduration_Stretch__0_4-changepitchmedian_100__0-changesemitones_16.wav']","['AP_bee-changeduration_Stretch__0_4-changepitchmedian_100__0-changesemitones_-4.wav'
 'AP_gee-changeduration_Stretch__0_4-changepitchmedian_100__0-changesemitones_-8.wav'
 'AP_dee-changeduration_Stretch__0_4-changepitchmedian_100__0-changesemitones_4.wav'
 'AP_boo-changeduration_Stretch__0_4-changepitchmedian_100__0-changesemitones_-12.wav'
 'AP_doo-changeduration_Stretch__0_4-changepitchmedian_100__0.wav'
 'AP_da-changeduration_Stretch__0_4-changepitchmedian_100__0-changesemitones_16.wav']",2,,rand
5,1680892600867,07/04/2023 18:36:40,1680892437719,-4,07/04/2023 14:33:57,127771,4,task-dymb,,28738490,BLIND,8554460,,complete,,,computer,Desktop or Laptop,Windows 10,Chrome 111.0.0.0,1920x1200,1920x1057,,Perceptual Organization Pilot - Audio,78,,,,,SD-AP,Practice Good,AB,Practice Bad,AB,V4-SD-practice1,V4-SD-practice1,5,1,2,Screen 2,buttonA,response_button_text,964,,,same,1,0,1,0,,,,,1,task-sd-feedback,Block_5_male_1speaker_diff_pitch_6_serial_2_stim1rand_prac.wav,different,,SDprac_corr,### pitch,,,6,10,2000,"['AP_ga-changeduration_Stretch__0_4-changepitchmedian_100__0-changesemitones_-4.wav'
 'AP_dee-changeduration_Stretch__0_4-changepitchmedian_100__0-changesemitones_-8.wav'
 'AP_da-changeduration_Stretch__0_4-changepitchmedian_100__0-changesemitones_-12.wav'
 'AP_doo-changeduration_Stretch__0_4-changepitchmedian_100__0-changesemitones_4.wav'
 'AP_bee-changeduration_Stretch__0_4-changepitchmedian_100__0.wav'
 'AP_ba-changeduration_Stretch__0_4-changepitchmedian_100__0-changesemitones_16.wav']","['AP_bee-changeduration_Stretch__0_4-changepitchmedian_100__0-changesemitones_-4.wav'
 'AP_gee-changeduration_Stretch__0_4-changepitchmedian_100__0-changesemitones_-8.wav'
 'AP_dee-changeduration_Stretch__0_4-changepitchmedian_100__0-changesemitones_4.wav'
 'AP_boo-changeduration_Stretch__0_4-changepitchmedian_100__0-changesemitones_-12.wav'
 'AP_doo-changeduration_Stretch__0_4-changepitchmedian_100__0.wav'
 'AP_da-changeduration_Stretch__0_4-changepitchmedian_100__0-changesemitones_16.wav']",2,,rand
6,1680892601326,07/04/2023 18:36:41,1680892438205,-4,07/04/2023 14:33:58,127771,4,task-dymb,,28738490,BLIND,8554460,,complete,,,computer,Desktop or Laptop,Windows 10,Chrome 111.0.0.0,1920x1200,1920x1057,,Perceptual Organization Pilot - Audio,78,,,,,SD-AP,Practice Good,AB,Practice Bad,AB,V4-SD-practice1,V4-SD-practice1,4,2,1,Screen 1,audio,content_web_audio,0.30000001192092896,,,AUDIO PLAY REQUESTED,1,0,1,0,,,,,1,task-sd-feedback,Block_5_male_1speaker_diff_pitch_6_serial_1_stim1rand_prac.wav,different,,SDprac_corr,### pitch,,,6,10,2000,"['AP_goo-changeduration_Stretch__0_4-changepitchmedian_100__0-changesemitones_-16.wav'
 'AP_ba-changeduration_Stretch__0_4-changepitchmedian_100__0-changesemitones_4.wav'
 'AP_ga-changeduration_Stretch__0_4-changepitchmedian_100__0.wav'
 'AP_gee-changeduration_Stretch__0_4-changepitchmedian_100__0-changesemitones_16.wav'
 'AP_da-changeduration_Stretch__0_4-changepitchmedian_100__0-changesemitones_12.wav'
 'AP_doo-changeduration_Stretch__0_4-changepitchmedian_100__0-changesemitones_-4.wav']","['AP_da-changeduration_Stretch__0_4-changepitchmedian_100__0-changesemitones_-16.wav'
 'AP_bee-changeduration_Stretch__0_4-changepitchmedian_100__0.wav'
 'AP_goo-changeduration_Stretch__0_4-changepitchmedian_100__0-changesemitones_4.wav'
 'AP_ba-changeduration_Stretch__0_4-changepitchmedian_100__0-changesemitones_16.wav'
 'AP_gee-changeduration_Stretch__0_4-changepitchmedian_100__0-changesemitones_12.wav'
 'AP_dee-changeduration_Stretch__0_4-changepitchmedian_100__0-changesemitones_-4.wav']",1,,rand
7,1680892608233,07/04/2023 18:36:48,1680892445106,-4,07/04/2023 14:34:05,127771,4,task-dymb,,28738490,BLIND,8554460,,complete,,,computer,Desktop or Laptop,Windows 10,Chrome 111.0.0.0,1920x1200,1920x1057,,Perceptual Organization Pilot - Audio,78,,,,,SD-AP,Practice Good,AB,Practice Bad,AB,V4-SD-practice1,V4-SD-practice1,4,2,1,Screen 1,audio,content_web_audio,6900.800000011921,,,,,0,1,0,,,,,1,task-sd-feedback,Block_5_male_1speaker_diff_pitch_6_serial_1_stim1rand_prac.wav,different,,SDprac_corr,### pitch,,,6,10,2000,"['AP_goo-changeduration_Stretch__0_4-changepitchmedian_100__0-changesemitones_-16.wav'
 'AP_ba-changeduration_Stretch__0_4-changepitchmedian_100__0-changesemitones_4.wav'
 'AP_ga-changeduration_Stretch__0_4-changepitchmedian_100__0.wav'
 'AP_gee-changeduration_Stretch__0_4-changepitchmedian_100__0-changesemitones_16.wav'
 'AP_da-changeduration_Stretch__0_4-changepitchmedian_100__0-changesemitones_12.wav'
 'AP_doo-changeduration_Stretch__0_4-changepitchmedian_100__0-changesemitones_-4.wav']","['AP_da-changeduration_Stretch__0_4-changepitchmedian_100__0-changesemitones_-16.wav'
 'AP_bee-changeduration_Stretch__0_4-changepitchmedian_100__0.wav'
 'AP_goo-changeduration_Stretch__0_4-changepitchmedian_100__0-changesemitones_4.wav'
 'AP_ba-changeduration_Stretch__0_4-changepitchmedian_100__0-changesemitones_16.wav'
 'AP_gee-changeduration_Stretch__0_4-changepitchmedian_100__0-changesemitones_12.wav'
 'AP_dee-changeduration_Stretch__0_4-changepitchmedian_100__0-changesemitones_-4.wav']",1,,rand
8,1680892609166,07/04/2023 18:36:49,1680892446046,-4,07/04/2023 14:34:06,127771,4,task-dymb,,28738490,BLIND,8554460,,complete,,,computer,Desktop or Laptop,Windows 10,Chrome 111.0.0.0,1920x1200,1920x1057,,Perceptual Organization Pilot - Audio,78,,,,,SD-AP,Practice Good,AB,Practice Bad,AB,V4-SD-practice1,V4-SD-practice1,4,2,2,Screen 2,buttonA,response_button_text,917.3999999910593,,,same,1,0,1,0,,,,,1,task-sd-feedback,Block_5_male_1speaker_diff_pitch_6_serial_1_stim1rand_prac.wav,different,,SDprac_corr,### pitch,,,6,10,2000,"['AP_goo-changeduration_Stretch__0_4-changepitchmedian_100__0-changesemitones_-16.wav'
 'AP_ba-changeduration_Stretch__0_4-changepitchmedian_100__0-changesemitones_4.wav'
 'AP_ga-changeduration_Stretch__0_4-changepitchmedian_100__0.wav'
 'AP_gee-changeduration_Stretch__0_4-changepitchmedian_100__0-changesemitones_16.wav'
 'AP_da-changeduration_Stretch__0_4-changepitchmedian_100__0-changesemitones_12.wav'
 'AP_doo-changeduration_Stretch__0_4-changepitchmedian_100__0-changesemitones_-4.wav']","['AP_da-changeduration_Stretch__0_4-changepitchmedian_100__0-changesemitones_-16.wav'
 'AP_bee-changeduration_Stretch__0_4-changepitchmedian_100__0.wav'
 'AP_goo-changeduration_Stretch__0_4-changepitchmedian_100__0-changesemitones_4.wav'
 'AP_ba-changeduration_Stretch__0_4-changepitchmedian_100__0-changesemitones_16.wav'
 'AP_gee-changeduration_Stretch__0_4-changepitchmedian_100__0-changesemitones_12.wav'
 'AP_dee-changeduration_Stretch__0_4-changepitchmedian_100__0-changesemitones_-4.wav']",1,,rand
9,1680892609664,07/04/2023 18:36:49,1680892446544,-4,07/04/2023 14:34:06,127771,4,task-dymb,,28738490,BLIND,8554460,,complete,,,computer,Desktop or Laptop,Windows 10,Chrome 111.0.0.0,1920x1200,1920x1057,,Perceptual Organization Pilot - Audio,78,,,,,SD-AP,Practice Good,AB,Practice Bad,AB,V4-SD-practice1,V4-SD-practice1,3,3,1,Screen 1,audio,content_web_audio,0.30000001192092896,,,AUDIO PLAY REQUESTED,1,0,1,0,,,,,1,task-sd-feedback,Block_5_male_1speaker_same_pitch_6_serial_1_stim1fixed_prac.wav,same,,SDprac_corr,### pitch,,,6,10,2000,"['AP_doo-changeduration_Stretch__0_4-changepitchmedian_100__0-changesemitones_-8.wav'
 'AP_doo-changeduration_Stretch__0_4-changepitchmedian_100__0-changesemitones_-12.wav'
 'AP_doo-changeduration_Stretch__0_4-changepitchmedian_100__0-changesemitones_4.wav'
 'AP_doo-changeduration_Stretch__0_4-changepitchmedian_100__0-changesemitones_8.wav'
 'AP_doo-changeduration_Stretch__0_4-changepitchmedian_100__0-changesemitones_16.wav'
 'AP_doo-changeduration_Stretch__0_4-changepitchmedian_100__0.wav']","['AP_doo-changeduration_Stretch__0_4-changepitchmedian_100__0-changesemitones_-8.wav'
 'AP_doo-changeduration_Stretch__0_4-changepitchmedian_100__0-changesemitones_-12.wav'
 'AP_doo-changeduration_Stretch__0_4-changepitchmedian_100__0-changesemitones_4.wav'
 'AP_doo-changeduration_Stretch__0_4-changepitchmedian_100__0-changesemitones_8.wav'
 'AP_doo-changeduration_Stretch__0_4-changepitchmedian_100__0-changesemitones_16.wav'
 'AP_doo-changeduration_Stretch__0_4-changepitchmedian_100__0.wav']",,,fixed
10,1680892616582,07/04/2023 18:36:56,1680892453445,-4,07/04/2023 14:34:13,127771,4,task-dymb,,28738490,BLIND,8554460,,complete,,,computer,Desktop or Laptop,Windows 10,Chrome 111.0.0.0,1920x1200,1920x1057,,Perceptual Organization Pilot - Audio,78,,,,,SD-AP,Practice Good,AB,Practice Bad,AB,V4-SD-practice1,V4-SD-practice1,3,3,1,Screen 1,audio,content_web_audio,6900.70000000298,,,,,0,1,0,,,,,1,task-sd-feedback,Block_5_male_1speaker_same_pitch_6_serial_1_stim1fixed_prac.wav,same,,SDprac_corr,### pitch,,,6,10,2000,"['AP_doo-changeduration_Stretch__0_4-changepitchmedian_100__0-changesemitones_-8.wav'
 'AP_doo-changeduration_Stretch__0_4-changepitchmedian_100__0-changesemitones_-12.wav'
 'AP_doo-changeduration_Stretch__0_4-changepitchmedian_100__0-changesemitones_4.wav'
 'AP_doo-changeduration_Stretch__0_4-changepitchmedian_100__0-changesemitones_8.wav'
 'AP_doo-changeduration_Stretch__0_4-changepitchmedian_100__0-changesemitones_16.wav'
 'AP_doo-changeduration_Stretch__0_4-changepitchmedian_100__0.wav']","['AP_doo-changeduration_Stretch__0_4-changepitchmedian_100__0-changesemitones_-8.wav'
 'AP_doo-changeduration_Stretch__0_4-changepitchmedian_100__0-changesemitones_-12.wav'
 'AP_doo-changeduration_Stretch__0_4-changepitchmedian_100__0-changesemitones_4.wav'
 'AP_doo-changeduration_Stretch__0_4-changepitchmedian_100__0-changesemitones_8.wav'
 'AP_doo-changeduration_Stretch__0_4-changepitchmedian_100__0-changesemitones_16.wav'
 'AP_doo-changeduration_Stretch__0_4-changepitchmedian_100__0.wav']",,,fixed
11,1680892617278,07/04/2023 18:36:57,1680892454157,-4,07/04/2023 14:34:14,127771,4,task-dymb,,28738490,BLIND,8554460,,complete,,,computer,Desktop or Laptop,Windows 10,Chrome 111.0.0.0,1920x1200,1920x1057,,Perceptual Organization Pilot - Audio,78,,,,,SD-AP,Practice Good,AB,Practice Bad,AB,V4-SD-practice1,V4-SD-practice1,3,3,2,Screen 2,buttonB,response_button_text,688.7999999970198,,,different,1,0,1,0,,,,,1,task-sd-feedback,Block_5_male_1speaker_same_pitch_6_serial_1_stim1fixed_prac.wav,same,,SDprac_corr,### pitch,,,6,10,2000,"['AP_doo-changeduration_Stretch__0_4-changepitchmedian_100__0-changesemitones_-8.wav'
 'AP_doo-changeduration_Stretch__0_4-changepitchmedian_100__0-changesemitones_-12.wav'
 'AP_doo-changeduration_Stretch__0_4-changepitchmedian_100__0-changesemitones_4.wav'
 'AP_doo-changeduration_Stretch__0_4-changepitchmedian_100__0-changesemitones_8.wav'
 'AP_doo-changeduration_Stretch__0_4-changepitchmedian_100__0-changesemitones_16.wav'
 'AP_doo-changeduration_Stretch__0_4-changepitchmedian_100__0.wav']","['AP_doo-changeduration_Stretch__0_4-changepitchmedian_100__0-changesemitones_-8.wav'
 'AP_doo-changeduration_Stretch__0_4-changepitchmedian_100__0-changesemitones_-12.wav'
 'AP_doo-changeduration_Stretch__0_4-changepitchmedian_100__0-changesemitones_4.wav'
 'AP_doo-changeduration_Stretch__0_4-changepitchmedian_100__0-changesemitones_8.wav'
 'AP_doo-changeduration_Stretch__0_4-changepitchmedian_100__0-changesemitones_16.wav'
 'AP_doo-changeduration_Stretch__0_4-changepitchmedian_100__0.wav']",,,fixed
12,1680892617804,07/04/2023 18:36:57,1680892454669,-4,07/04/2023 14:34:14,127771,4,task-dymb,,28738490,BLIND,8554460,,complete,,,computer,Desktop or Laptop,Windows 10,Chrome 111.0.0.0,1920x1200,1920x1057,,Perceptual Organization Pilot - Audio,78,,,,,SD-AP,Practice Good,AB,Practice Bad,AB,V4-SD-practice1,V4-SD-practice1,2,4,1,Screen 1,audio,content_web_audio,0.699999988079071,,,AUDIO PLAY REQUESTED,1,0,1,0,,,,,1,task-sd-feedback,Block_5_female_1speaker_same_pitch_6_serial_3_stim1fixed_prac.wav,same,,SDprac_corr,### pitch,,,6,10,2000,"['AI_ga-changeduration_Stretch__0_4-changepitchmedian_200__0-changesemitones_-16.wav'
 'AI_ga-changeduration_Stretch__0_4-changepitchmedian_200__0-changesemitones_-12.wav'
 'AI_ga-changeduration_Stretch__0_4-changepitchmedian_200__0-changesemitones_12.wav'
 'AI_ga-changeduration_Stretch__0_4-changepitchmedian_200__0-changesemitones_16.wav'
 'AI_ga-changeduration_Stretch__0_4-changepitchmedian_200__0.wav'
 'AI_ga-changeduration_Stretch__0_4-changepitchmedian_200__0-changesemitones_4.wav']","['AI_ga-changeduration_Stretch__0_4-changepitchmedian_200__0-changesemitones_-16.wav'
 'AI_ga-changeduration_Stretch__0_4-changepitchmedian_200__0-changesemitones_-12.wav'
 'AI_ga-changeduration_Stretch__0_4-changepitchmedian_200__0-changesemitones_12.wav'
 'AI_ga-changeduration_Stretch__0_4-changepitchmedian_200__0-changesemitones_16.wav'
 'AI_ga-changeduration_Stretch__0_4-changepitchmedian_200__0.wav'
 'AI_ga-changeduration_Stretch__0_4-changepitchmedian_200__0-changesemitones_4.wav']",,,fixed
13,1680892624706,07/04/2023 18:37:04,1680892461570,-4,07/04/2023 14:34:21,127771,4,task-dymb,,28738490,BLIND,8554460,,complete,,,computer,Desktop or Laptop,Windows 10,Chrome 111.0.0.0,1920x1200,1920x1057,,Perceptual Organization Pilot - Audio,78,,,,,SD-AP,Practice Good,AB,Practice Bad,AB,V4-SD-practice1,V4-SD-practice1,2,4,1,Screen 1,audio,content_web_audio,6901.399999991059,,,,,0,1,0,,,,,1,task-sd-feedback,Block_5_female_1speaker_same_pitch_6_serial_3_stim1fixed_prac.wav,same,,SDprac_corr,### pitch,,,6,10,2000,"['AI_ga-changeduration_Stretch__0_4-changepitchmedian_200__0-changesemitones_-16.wav'
 'AI_ga-changeduration_Stretch__0_4-changepitchmedian_200__0-changesemitones_-12.wav'
 'AI_ga-changeduration_Stretch__0_4-changepitchmedian_200__0-changesemitones_12.wav'
 'AI_ga-changeduration_Stretch__0_4-changepitchmedian_200__0-changesemitones_16.wav'
 'AI_ga-changeduration_Stretch__0_4-changepitchmedian_200__0.wav'
 'AI_ga-changeduration_Stretch__0_4-changepitchmedian_200__0-changesemitones_4.wav']","['AI_ga-changeduration_Stretch__0_4-changepitchmedian_200__0-changesemitones_-16.wav'
 'AI_ga-changeduration_Stretch__0_4-changepitchmedian_200__0-changesemitones_-12.wav'
 'AI_ga-changeduration_Stretch__0_4-changepitchmedian_200__0-changesemitones_12.wav'
 'AI_ga-changeduration_Stretch__0_4-changepitchmedian_200__0-changesemitones_16.wav'
 'AI_ga-changeduration_Stretch__0_4-changepitchmedian_200__0.wav'
 'AI_ga-changeduration_Stretch__0_4-changepitchmedian_200__0-changesemitones_4.wav']",,,fixed
14,1680892625881,07/04/2023 18:37:05,1680892462749,-4,07/04/2023 14:34:22,127771,4,task-dymb,,28738490,BLIND,8554460,,complete,,,computer,Desktop or Laptop,Windows 10,Chrome 111.0.0.0,1920x1200,1920x1057,,Perceptual Organization Pilot - Audio,78,,,,,SD-AP,Practice Good,AB,Practice Bad,AB,V4-SD-practice1,V4-SD-practice1,2,4,2,Screen 2,buttonA,response_button_text,1172.5,,,same,1,1,0,0,,,,,1,task-sd-feedback,Block_5_female_1speaker_same_pitch_6_serial_3_stim1fixed_prac.wav,same,,SDprac_corr,### pitch,,,6,10,2000,"['AI_ga-changeduration_Stretch__0_4-changepitchmedian_200__0-changesemitones_-16.wav'
 'AI_ga-changeduration_Stretch__0_4-changepitchmedian_200__0-changesemitones_-12.wav'
 'AI_ga-changeduration_Stretch__0_4-changepitchmedian_200__0-changesemitones_12.wav'
 'AI_ga-changeduration_Stretch__0_4-changepitchmedian_200__0-changesemitones_16.wav'
 'AI_ga-changeduration_Stretch__0_4-changepitchmedian_200__0.wav'
 'AI_ga-changeduration_Stretch__0_4-changepitchmedian_200__0-changesemitones_4.wav']","['AI_ga-changeduration_Stretch__0_4-changepitchmedian_200__0-changesemitones_-16.wav'
 'AI_ga-changeduration_Stretch__0_4-changepitchmedian_200__0-changesemitones_-12.wav'
 'AI_ga-changeduration_Stretch__0_4-changepitchmedian_200__0-changesemitones_12.wav'
 'AI_ga-changeduration_Stretch__0_4-changepitchmedian_200__0-changesemitones_16.wav'
 'AI_ga-changeduration_Stretch__0_4-changepitchmedian_200__0.wav'
 'AI_ga-changeduration_Stretch__0_4-changepitchmedian_200__0-changesemitones_4.wav']",,,fixed
15,1680892635383,07/04/2023 18:37:15,1680892472244,-4,07/04/2023 14:34:32,127771,4,task-dymb,,28738490,BLIND,8554460,,complete,,,computer,Desktop or Laptop,Windows 10,Chrome 111.0.0.0,1920x1200,1920x1057,,Perceptual Organization Pilot - Audio,78,,,,,SD-AP,Practice Good,AB,Practice Bad,AB,V4-SD-practice1,V4-SD-practice1,6,2,1,Screen 1,advancementZone,continue_button,8987.29999999702,,,,,0,1,0,,,,,,text,,,"<p style=""font-size: 32px;""> In this first practice section, you will hear a sequence of syllables with different pitches, a pause, then another sequence with different pitches. </p><p style=""font-size: 32px;""> Your task is to determine whether the syllables in the first sequence are in the same or different order than the syllables in the second sequence. </p>",,,,,,,,,,,,
16,1680892635487,07/04/2023 18:37:15,1680892472250,-4,07/04/2023 14:34:32,127771,4,task-dymb,,28738490,BLIND,8554460,,complete,,,computer,Desktop or Laptop,Windows 10,Chrome 111.0.0.0,1920x1200,1920x1057,,Perceptual Organization Pilot - Audio,78,,,,,SD-AP,Practice Good,AB,Practice Bad,AB,V4-SD-practice1,V4-SD-practice1,10,5,1,Screen 1,audio,content_web_audio,0.29999999701976776,,,AUDIO PLAY REQUESTED,1,0,1,0,,,,,2,task-sd-feedback,Block_5_male_1speaker_same_word_6_serial_3_stim1rand_prac.wav,same,,SDprac_corr,### word,,,6,10,2000,"['AP_da-changeduration_Stretch__0_4-changepitchmedian_100__0-changesemitones_8.wav'
 'AP_boo-changeduration_Stretch__0_4-changepitchmedian_100__0-changesemitones_-8.wav'
 'AP_dee-changeduration_Stretch__0_4-changepitchmedian_100__0-changesemitones_-4.wav'
 'AP_gee-changeduration_Stretch__0_4-changepitchmedian_100__0-changesemitones_-12.wav'
 'AP_doo-changeduration_Stretch__0_4-changepitchmedian_100__0.wav'
 'AP_goo-changeduration_Stretch__0_4-changepitchmedian_100__0-changesemitones_4.wav']","['AP_da-changeduration_Stretch__0_4-changepitchmedian_100__0-changesemitones_-8.wav'
 'AP_boo-changeduration_Stretch__0_4-changepitchmedian_100__0.wav'
 'AP_dee-changeduration_Stretch__0_4-changepitchmedian_100__0-changesemitones_8.wav'
 'AP_gee-changeduration_Stretch__0_4-changepitchmedian_100__0-changesemitones_-16.wav'
 'AP_doo-changeduration_Stretch__0_4-changepitchmedian_100__0-changesemitones_12.wav'
 'AP_goo-changeduration_Stretch__0_4-changepitchmedian_100__0-changesemitones_-4.wav']",,,rand
17,1680892642288,07/04/2023 18:37:22,1680892479151,-4,07/04/2023 14:34:39,127771,4,task-dymb,,28738490,BLIND,8554460,,complete,,,computer,Desktop or Laptop,Windows 10,Chrome 111.0.0.0,1920x1200,1920x1057,,Perceptual Organization Pilot - Audio,78,,,,,SD-AP,Practice Good,AB,Practice Bad,AB,V4-SD-practice1,V4-SD-practice1,10,5,1,Screen 1,audio,content_web_audio,6900.5999999940395,,,,,0,1,0,,,,,2,task-sd-feedback,Block_5_male_1speaker_same_word_6_serial_3_stim1rand_prac.wav,same,,SDprac_corr,### word,,,6,10,2000,"['AP_da-changeduration_Stretch__0_4-changepitchmedian_100__0-changesemitones_8.wav'
 'AP_boo-changeduration_Stretch__0_4-changepitchmedian_100__0-changesemitones_-8.wav'
 'AP_dee-changeduration_Stretch__0_4-changepitchmedian_100__0-changesemitones_-4.wav'
 'AP_gee-changeduration_Stretch__0_4-changepitchmedian_100__0-changesemitones_-12.wav'
 'AP_doo-changeduration_Stretch__0_4-changepitchmedian_100__0.wav'
 'AP_goo-changeduration_Stretch__0_4-changepitchmedian_100__0-changesemitones_4.wav']","['AP_da-changeduration_Stretch__0_4-changepitchmedian_100__0-changesemitones_-8.wav'
 'AP_boo-changeduration_Stretch__0_4-changepitchmedian_100__0.wav'
 'AP_dee-changeduration_Stretch__0_4-changepitchmedian_100__0-changesemitones_8.wav'
 'AP_gee-changeduration_Stretch__0_4-changepitchmedian_100__0-changesemitones_-16.wav'
 'AP_doo-changeduration_Stretch__0_4-changepitchmedian_100__0-changesemitones_12.wav'
 'AP_goo-changeduration_Stretch__0_4-changepitchmedian_100__0-changesemitones_-4.wav']",,,rand
18,1680892643061,07/04/2023 18:37:23,1680892479926,-4,07/04/2023 14:34:39,127771,4,task-dymb,,28738490,BLIND,8554460,,complete,,,computer,Desktop or Laptop,Windows 10,Chrome 111.0.0.0,1920x1200,1920x1057,,Perceptual Organization Pilot - Audio,78,,,,,SD-AP,Practice Good,AB,Practice Bad,AB,V4-SD-practice1,V4-SD-practice1,10,5,2,Screen 2,buttonA,response_button_text,765.1999999880791,,,same,1,1,0,0,,,,,2,task-sd-feedback,Block_5_male_1speaker_same_word_6_serial_3_stim1rand_prac.wav,same,,SDprac_corr,### word,,,6,10,2000,"['AP_da-changeduration_Stretch__0_4-changepitchmedian_100__0-changesemitones_8.wav'
 'AP_boo-changeduration_Stretch__0_4-changepitchmedian_100__0-changesemitones_-8.wav'
 'AP_dee-changeduration_Stretch__0_4-changepitchmedian_100__0-changesemitones_-4.wav'
 'AP_gee-changeduration_Stretch__0_4-changepitchmedian_100__0-changesemitones_-12.wav'
 'AP_doo-changeduration_Stretch__0_4-changepitchmedian_100__0.wav'
 'AP_goo-changeduration_Stretch__0_4-changepitchmedian_100__0-changesemitones_4.wav']","['AP_da-changeduration_Stretch__0_4-changepitchmedian_100__0-changesemitones_-8.wav'
 'AP_boo-changeduration_Stretch__0_4-changepitchmedian_100__0.wav'
 'AP_dee-changeduration_Stretch__0_4-changepitchmedian_100__0-changesemitones_8.wav'
 'AP_gee-changeduration_Stretch__0_4-changepitchmedian_100__0-changesemitones_-16.wav'
 'AP_doo-changeduration_Stretch__0_4-changepitchmedian_100__0-changesemitones_12.wav'
 'AP_goo-changeduration_Stretch__0_4-changepitchmedian_100__0-changesemitones_-4.wav']",,,rand
19,1680892643570,07/04/2023 18:37:23,1680892480437,-4,07/04/2023 14:34:40,127771,4,task-dymb,,28738490,BLIND,8554460,,complete,,,computer,Desktop or Laptop,Windows 10,Chrome 111.0.0.0,1920x1200,1920x1057,,Perceptual Organization Pilot - Audio,78,,,,,SD-AP,Practice Good,AB,Practice Bad,AB,V4-SD-practice1,V4-SD-practice1,8,6,1,Screen 1,audio,content_web_audio,0.6000000089406967,,,AUDIO PLAY REQUESTED,1,0,1,0,,,,,2,task-sd-feedback,Block_5_male_1speaker_diff_word_6_serial_0_stim1fixed_prac.wav,different,,SDprac_corr,### word,,,6,10,2000,"['AP_gee-changeduration_Stretch__0_4-changepitchmedian_100__0-changesemitones_-4.wav'
 'AP_boo-changeduration_Stretch__0_4-changepitchmedian_100__0-changesemitones_-4.wav'
 'AP_ga-changeduration_Stretch__0_4-changepitchmedian_100__0-changesemitones_-4.wav'
 'AP_da-changeduration_Stretch__0_4-changepitchmedian_100__0-changesemitones_-4.wav'
 'AP_goo-changeduration_Stretch__0_4-changepitchmedian_100__0-changesemitones_-4.wav'
 'AP_bee-changeduration_Stretch__0_4-changepitchmedian_100__0-changesemitones_-4.wav']","['AP_boo-changeduration_Stretch__0_4-changepitchmedian_100__0-changesemitones_-4.wav'
 'AP_gee-changeduration_Stretch__0_4-changepitchmedian_100__0-changesemitones_-4.wav'
 'AP_ga-changeduration_Stretch__0_4-changepitchmedian_100__0-changesemitones_-4.wav'
 'AP_da-changeduration_Stretch__0_4-changepitchmedian_100__0-changesemitones_-4.wav'
 'AP_goo-changeduration_Stretch__0_4-changepitchmedian_100__0-changesemitones_-4.wav'
 'AP_bee-changeduration_Stretch__0_4-changepitchmedian_100__0-changesemitones_-4.wav']",0,,fixed
20,1680892650475,07/04/2023 18:37:30,1680892487339,-4,07/04/2023 14:34:47,127771,4,task-dymb,,28738490,BLIND,8554460,,complete,,,computer,Desktop or Laptop,Windows 10,Chrome 111.0.0.0,1920x1200,1920x1057,,Perceptual Organization Pilot - Audio,78,,,,,SD-AP,Practice Good,AB,Practice Bad,AB,V4-SD-practice1,V4-SD-practice1,8,6,1,Screen 1,audio,content_web_audio,6901.70000000298,,,,,0,1,0,,,,,2,task-sd-feedback,Block_5_male_1speaker_diff_word_6_serial_0_stim1fixed_prac.wav,different,,SDprac_corr,### word,,,6,10,2000,"['AP_gee-changeduration_Stretch__0_4-changepitchmedian_100__0-changesemitones_-4.wav'
 'AP_boo-changeduration_Stretch__0_4-changepitchmedian_100__0-changesemitones_-4.wav'
 'AP_ga-changeduration_Stretch__0_4-changepitchmedian_100__0-changesemitones_-4.wav'
 'AP_da-changeduration_Stretch__0_4-changepitchmedian_100__0-changesemitones_-4.wav'
 'AP_goo-changeduration_Stretch__0_4-changepitchmedian_100__0-changesemitones_-4.wav'
 'AP_bee-changeduration_Stretch__0_4-changepitchmedian_100__0-changesemitones_-4.wav']","['AP_boo-changeduration_Stretch__0_4-changepitchmedian_100__0-changesemitones_-4.wav'
 'AP_gee-changeduration_Stretch__0_4-changepitchmedian_100__0-changesemitones_-4.wav'
 'AP_ga-changeduration_Stretch__0_4-changepitchmedian_100__0-changesemitones_-4.wav'
 'AP_da-changeduration_Stretch__0_4-changepitchmedian_100__0-changesemitones_-4.wav'
 'AP_goo-changeduration_Stretch__0_4-changepitchmedian_100__0-changesemitones_-4.wav'
 'AP_bee-changeduration_Stretch__0_4-changepitchmedian_100__0-changesemitones_-4.wav']",0,,fixed
21,1680892651215,07/04/2023 18:37:31,1680892488087,-4,07/04/2023 14:34:48,127771,4,task-dymb,,28738490,BLIND,8554460,,complete,,,computer,Desktop or Laptop,Windows 10,Chrome 111.0.0.0,1920x1200,1920x1057,,Perceptual Organization Pilot - Audio,78,,,,,SD-AP,Practice Good,AB,Practice Bad,AB,V4-SD-practice1,V4-SD-practice1,8,6,2,Screen 2,buttonB,response_button_text,730.7999999970198,,,different,1,1,0,0,,,,,2,task-sd-feedback,Block_5_male_1speaker_diff_word_6_serial_0_stim1fixed_prac.wav,different,,SDprac_corr,### word,,,6,10,2000,"['AP_gee-changeduration_Stretch__0_4-changepitchmedian_100__0-changesemitones_-4.wav'
 'AP_boo-changeduration_Stretch__0_4-changepitchmedian_100__0-changesemitones_-4.wav'
 'AP_ga-changeduration_Stretch__0_4-changepitchmedian_100__0-changesemitones_-4.wav'
 'AP_da-changeduration_Stretch__0_4-changepitchmedian_100__0-changesemitones_-4.wav'
 'AP_goo-changeduration_Stretch__0_4-changepitchmedian_100__0-changesemitones_-4.wav'
 'AP_bee-changeduration_Stretch__0_4-changepitchmedian_100__0-changesemitones_-4.wav']","['AP_boo-changeduration_Stretch__0_4-changepitchmedian_100__0-changesemitones_-4.wav'
 'AP_gee-changeduration_Stretch__0_4-changepitchmedian_100__0-changesemitones_-4.wav'
 'AP_ga-changeduration_Stretch__0_4-changepitchmedian_100__0-changesemitones_-4.wav'
 'AP_da-changeduration_Stretch__0_4-changepitchmedian_100__0-changesemitones_-4.wav'
 'AP_goo-changeduration_Stretch__0_4-changepitchmedian_100__0-changesemitones_-4.wav'
 'AP_bee-changeduration_Stretch__0_4-changepitchmedian_100__0-changesemitones_-4.wav']",0,,fixed
22,1680892651726,07/04/2023 18:37:31,1680892488586,-4,07/04/2023 14:34:48,127771,4,task-dymb,,28738490,BLIND,8554460,,complete,,,computer,Desktop or Laptop,Windows 10,Chrome 111.0.0.0,1920x1200,1920x1057,,Perceptual Organization Pilot - Audio,78,,,,,SD-AP,Practice Good,AB,Practice Bad,AB,V4-SD-practice1,V4-SD-practice1,9,7,1,Screen 1,audio,content_web_audio,0.9000000059604645,,,AUDIO PLAY REQUESTED,1,0,1,0,,,,,2,task-sd-feedback,Block_5_male_1speaker_diff_word_6_serial_0_stim1rand_prac.wav,different,,SDprac_corr,### word,,,6,10,2000,"['AP_gee-changeduration_Stretch__0_4-changepitchmedian_100__0-changesemitones_16.wav'
 'AP_dee-changeduration_Stretch__0_4-changepitchmedian_100__0-changesemitones_-8.wav'
 'AP_doo-changeduration_Stretch__0_4-changepitchmedian_100__0-changesemitones_-12.wav'
 'AP_ba-changeduration_Stretch__0_4-changepitchmedian_100__0-changesemitones_-4.wav'
 'AP_bee-changeduration_Stretch__0_4-changepitchmedian_100__0-changesemitones_4.wav'
 'AP_boo-changeduration_Stretch__0_4-changepitchmedian_100__0-changesemitones_8.wav']","['AP_dee-changeduration_Stretch__0_4-changepitchmedian_100__0-changesemitones_8.wav'
 'AP_gee-changeduration_Stretch__0_4-changepitchmedian_100__0-changesemitones_-4.wav'
 'AP_doo-changeduration_Stretch__0_4-changepitchmedian_100__0-changesemitones_12.wav'
 'AP_ba-changeduration_Stretch__0_4-changepitchmedian_100__0.wav'
 'AP_bee-changeduration_Stretch__0_4-changepitchmedian_100__0-changesemitones_-12.wav'
 'AP_boo-changeduration_Stretch__0_4-changepitchmedian_100__0-changesemitones_4.wav']",0,,rand
23,1680892658622,07/04/2023 18:37:38,1680892495488,-4,07/04/2023 14:34:55,127771,4,task-dymb,,28738490,BLIND,8554460,,complete,,,computer,Desktop or Laptop,Windows 10,Chrome 111.0.0.0,1920x1200,1920x1057,,Perceptual Organization Pilot - Audio,78,,,,,SD-AP,Practice Good,AB,Practice Bad,AB,V4-SD-practice1,V4-SD-practice1,9,7,1,Screen 1,audio,content_web_audio,6902.20000000298,,,,,0,1,0,,,,,2,task-sd-feedback,Block_5_male_1speaker_diff_word_6_serial_0_stim1rand_prac.wav,different,,SDprac_corr,### word,,,6,10,2000,"['AP_gee-changeduration_Stretch__0_4-changepitchmedian_100__0-changesemitones_16.wav'
 'AP_dee-changeduration_Stretch__0_4-changepitchmedian_100__0-changesemitones_-8.wav'
 'AP_doo-changeduration_Stretch__0_4-changepitchmedian_100__0-changesemitones_-12.wav'
 'AP_ba-changeduration_Stretch__0_4-changepitchmedian_100__0-changesemitones_-4.wav'
 'AP_bee-changeduration_Stretch__0_4-changepitchmedian_100__0-changesemitones_4.wav'
 'AP_boo-changeduration_Stretch__0_4-changepitchmedian_100__0-changesemitones_8.wav']","['AP_dee-changeduration_Stretch__0_4-changepitchmedian_100__0-changesemitones_8.wav'
 'AP_gee-changeduration_Stretch__0_4-changepitchmedian_100__0-changesemitones_-4.wav'
 'AP_doo-changeduration_Stretch__0_4-changepitchmedian_100__0-changesemitones_12.wav'
 'AP_ba-changeduration_Stretch__0_4-changepitchmedian_100__0.wav'
 'AP_bee-changeduration_Stretch__0_4-changepitchmedian_100__0-changesemitones_-12.wav'
 'AP_boo-changeduration_Stretch__0_4-changepitchmedian_100__0-changesemitones_4.wav']",0,,rand
24,1680892659277,07/04/2023 18:37:39,1680892496150,-4,07/04/2023 14:34:56,127771,4,task-dymb,,28738490,BLIND,8554460,,complete,,,computer,Desktop or Laptop,Windows 10,Chrome 111.0.0.0,1920x1200,1920x1057,,Perceptual Organization Pilot - Audio,78,,,,,SD-AP,Practice Good,AB,Practice Bad,AB,V4-SD-practice1,V4-SD-practice1,9,7,2,Screen 2,buttonB,response_button_text,639.1000000089407,,,different,1,1,0,0,,,,,2,task-sd-feedback,Block_5_male_1speaker_diff_word_6_serial_0_stim1rand_prac.wav,different,,SDprac_corr,### word,,,6,10,2000,"['AP_gee-changeduration_Stretch__0_4-changepitchmedian_100__0-changesemitones_16.wav'
 'AP_dee-changeduration_Stretch__0_4-changepitchmedian_100__0-changesemitones_-8.wav'
 'AP_doo-changeduration_Stretch__0_4-changepitchmedian_100__0-changesemitones_-12.wav'
 'AP_ba-changeduration_Stretch__0_4-changepitchmedian_100__0-changesemitones_-4.wav'
 'AP_bee-changeduration_Stretch__0_4-changepitchmedian_100__0-changesemitones_4.wav'
 'AP_boo-changeduration_Stretch__0_4-changepitchmedian_100__0-changesemitones_8.wav']","['AP_dee-changeduration_Stretch__0_4-changepitchmedian_100__0-changesemitones_8.wav'
 'AP_gee-changeduration_Stretch__0_4-changepitchmedian_100__0-changesemitones_-4.wav'
 'AP_doo-changeduration_Stretch__0_4-changepitchmedian_100__0-changesemitones_12.wav'
 'AP_ba-changeduration_Stretch__0_4-changepitchmedian_100__0.wav'
 'AP_bee-changeduration_Stretch__0_4-changepitchmedian_100__0-changesemitones_-12.wav'
 'AP_boo-changeduration_Stretch__0_4-changepitchmedian_100__0-changesemitones_4.wav']",0,,rand
25,1680892659788,07/04/2023 18:37:39,1680892496659,-4,07/04/2023 14:34:56,127771,4,task-dymb,,28738490,BLIND,8554460,,complete,,,computer,Desktop or Laptop,Windows 10,Chrome 111.0.0.0,1920x1200,1920x1057,,Perceptual Organization Pilot - Audio,78,,,,,SD-AP,Practice Good,AB,Practice Bad,AB,V4-SD-practice1,V4-SD-practice1,7,8,1,Screen 1,audio,content_web_audio,0.7999999970197678,,,AUDIO PLAY REQUESTED,1,0,1,0,,,,,2,task-sd-feedback,Block_5_female_1speaker_diff_word_6_serial_3_stim1fixed_prac.wav,different,,SDprac_corr,### word,,,6,10,2000,"['AI_ba-changeduration_Stretch__0_4-changepitchmedian_200__0-changesemitones_16.wav'
 'AI_gee-changeduration_Stretch__0_4-changepitchmedian_200__0-changesemitones_16.wav'
 'AI_dee-changeduration_Stretch__0_4-changepitchmedian_200__0-changesemitones_16.wav'
 'AI_boo-changeduration_Stretch__0_4-changepitchmedian_200__0-changesemitones_16.wav'
 'AI_bee-changeduration_Stretch__0_4-changepitchmedian_200__0-changesemitones_16.wav'
 'AI_goo-changeduration_Stretch__0_4-changepitchmedian_200__0-changesemitones_16.wav']","['AI_ba-changeduration_Stretch__0_4-changepitchmedian_200__0-changesemitones_16.wav'
 'AI_gee-changeduration_Stretch__0_4-changepitchmedian_200__0-changesemitones_16.wav'
 'AI_dee-changeduration_Stretch__0_4-changepitchmedian_200__0-changesemitones_16.wav'
 'AI_bee-changeduration_Stretch__0_4-changepitchmedian_200__0-changesemitones_16.wav'
 'AI_boo-changeduration_Stretch__0_4-changepitchmedian_200__0-changesemitones_16.wav'
 'AI_goo-changeduration_Stretch__0_4-changepitchmedian_200__0-changesemitones_16.wav']",3,,fixed
26,1680892666699,07/04/2023 18:37:46,1680892503562,-4,07/04/2023 14:35:03,127771,4,task-dymb,,28738490,BLIND,8554460,,complete,,,computer,Desktop or Laptop,Windows 10,Chrome 111.0.0.0,1920x1200,1920x1057,,Perceptual Organization Pilot - Audio,78,,,,,SD-AP,Practice Good,AB,Practice Bad,AB,V4-SD-practice1,V4-SD-practice1,7,8,1,Screen 1,audio,content_web_audio,6903,,,,,0,1,0,,,,,2,task-sd-feedback,Block_5_female_1speaker_diff_word_6_serial_3_stim1fixed_prac.wav,different,,SDprac_corr,### word,,,6,10,2000,"['AI_ba-changeduration_Stretch__0_4-changepitchmedian_200__0-changesemitones_16.wav'
 'AI_gee-changeduration_Stretch__0_4-changepitchmedian_200__0-changesemitones_16.wav'
 'AI_dee-changeduration_Stretch__0_4-changepitchmedian_200__0-changesemitones_16.wav'
 'AI_boo-changeduration_Stretch__0_4-changepitchmedian_200__0-changesemitones_16.wav'
 'AI_bee-changeduration_Stretch__0_4-changepitchmedian_200__0-changesemitones_16.wav'
 'AI_goo-changeduration_Stretch__0_4-changepitchmedian_200__0-changesemitones_16.wav']","['AI_ba-changeduration_Stretch__0_4-changepitchmedian_200__0-changesemitones_16.wav'
 'AI_gee-changeduration_Stretch__0_4-changepitchmedian_200__0-changesemitones_16.wav'
 'AI_dee-changeduration_Stretch__0_4-changepitchmedian_200__0-changesemitones_16.wav'
 'AI_bee-changeduration_Stretch__0_4-changepitchmedian_200__0-changesemitones_16.wav'
 'AI_boo-changeduration_Stretch__0_4-changepitchmedian_200__0-changesemitones_16.wav'
 'AI_goo-changeduration_Stretch__0_4-changepitchmedian_200__0-changesemitones_16.wav']",3,,fixed
27,1680892667426,07/04/2023 18:37:47,1680892504302,-4,07/04/2023 14:35:04,127771,4,task-dymb,,28738490,BLIND,8554460,,complete,,,computer,Desktop or Laptop,Windows 10,Chrome 111.0.0.0,1920x1200,1920x1057,,Perceptual Organization Pilot - Audio,78,,,,,SD-AP,Practice Good,AB,Practice Bad,AB,V4-SD-practice1,V4-SD-practice1,7,8,2,Screen 2,buttonB,response_button_text,718.8000000119209,,,different,1,1,0,0,,,,,2,task-sd-feedback,Block_5_female_1speaker_diff_word_6_serial_3_stim1fixed_prac.wav,different,,SDprac_corr,### word,,,6,10,2000,"['AI_ba-changeduration_Stretch__0_4-changepitchmedian_200__0-changesemitones_16.wav'
 'AI_gee-changeduration_Stretch__0_4-changepitchmedian_200__0-changesemitones_16.wav'
 'AI_dee-changeduration_Stretch__0_4-changepitchmedian_200__0-changesemitones_16.wav'
 'AI_boo-changeduration_Stretch__0_4-changepitchmedian_200__0-changesemitones_16.wav'
 'AI_bee-changeduration_Stretch__0_4-changepitchmedian_200__0-changesemitones_16.wav'
 'AI_goo-changeduration_Stretch__0_4-changepitchmedian_200__0-changesemitones_16.wav']","['AI_ba-changeduration_Stretch__0_4-changepitchmedian_200__0-changesemitones_16.wav'
 'AI_gee-changeduration_Stretch__0_4-changepitchmedian_200__0-changesemitones_16.wav'
 'AI_dee-changeduration_Stretch__0_4-changepitchmedian_200__0-changesemitones_16.wav'
 'AI_bee-changeduration_Stretch__0_4-changepitchmedian_200__0-changesemitones_16.wav'
 'AI_boo-changeduration_Stretch__0_4-changepitchmedian_200__0-changesemitones_16.wav'
 'AI_goo-changeduration_Stretch__0_4-changepitchmedian_200__0-changesemitones_16.wav']",3,,fixed
28,1680892667919,07/04/2023 18:37:47,1680892504790,-4,07/04/2023 14:35:04,127771,4,task-dymb,,28738490,BLIND,8554460,,complete,,,computer,Desktop or Laptop,Windows 10,Chrome 111.0.0.0,1920x1200,1920x1057,,Perceptual Organization Pilot - Audio,78,,,,,SD-AP,Practice Good,AB,Practice Bad,AB,V4-SD-practice1,,,END TASK,,,,,82084,,,,,0,1,0,,,,,,,,,,,,,,,,,,,,,
END OF FILE
