﻿Event Index,UTC Timestamp,UTC Date,Local Timestamp,Local Timezone,Local Date,Experiment ID,Experiment Version,Tree Node Key,Repeat Key,Schedule ID,Participant Public ID,Participant Private ID,Participant Starting Group,Participant Status,Participant Completion Code,Participant External Session ID,Participant Device Type,Participant Device,Participant OS,Participant Browser,Participant Monitor Size,Participant Viewport Size,Checkpoint,Task Name,Task Version,branch-fh7p,branch-inb7,order-l841,order-bvi9,randomiser-s4k1,branch-lfp6,order-svai,branch-8j67,order-md2h,Spreadsheet,Spreadsheet Name,Spreadsheet Row,Trial Number,Screen Number,Screen Name,Zone Name,Zone Type,Reaction Time,Reaction Onset,Response Type,Response,Attempt,Correct,Incorrect,Dishonest,X Coordinate,Y Coordinate,Timed Out,randomise_blocks,randomise_trials,display,Audio_Filename,Same_Different,text,embedded,Attend_Condition,Present_Absent,Absent_Present,Length,Pause,Sequence Pause,Sequence_Names,Switch_Names,Stim_Ind,Stim_Name,Non_attend_dim
1,1680893337308,07/04/2023 18:48:57,1680893174106,-4,07/04/2023 14:46:14,127771,4,task-cna4,,28738692,BLIND,8554460,,complete,,,computer,Desktop or Laptop,Windows 10,Chrome 111.0.0.0,1920x1200,1920x1057,,Perceptual Organization Pilot - Audio,78,,,,,SD-AP,Practice Good,AB,Practice Bad,AB,V4-AP-Instruction,,,BEGIN TASK,,,,,,,,,,0,1,0,,,,,,,,,,,,,,,,,,,,,
2,1680893362381,07/04/2023 18:49:22,1680893199227,-4,07/04/2023 14:46:39,127771,4,task-cna4,,28738692,BLIND,8554460,,complete,,,computer,Desktop or Laptop,Windows 10,Chrome 111.0.0.0,1920x1200,1920x1057,,Perceptual Organization Pilot - Audio,78,,,,,SD-AP,Practice Good,AB,Practice Bad,AB,V4-AP-Instruction,V4-AP-Instruction,1,1,1,Screen 1,advancementZone,continue_button,25092,,,,,0,1,0,,,,,,text,,,"<p style=""font-size: 48px;"">In this task, you will be presented with a sequence of syllables with unique pitches, then a single syllable with a unique pitch. </p> <p style=""font-size: 48px;""> There are two different tasks you may be asked to do.  </p> <p style=""font-size: 48px;""> The first task is to remember only the syllables in the first sequence, then decide if the following singular syllable was in the first sequence or not. </p> <p style=""font-size: 48px;""> The second task is to remember only the pitches in the first sequence, then decide if the pitch of the singular syllable was in the first sequence or not. </p> <p style=""font-size: 48px;"">  After hearing both the sequence and the singular syllable, you will be prompted to reply with 'present' or 'absent'.<p style=""font-size: 48px;""> We will start with some examples. </p>",,,,,,,,,,,,
3,1680893369111,07/04/2023 18:49:29,1680893205955,-4,07/04/2023 14:46:45,127771,4,task-cna4,,28738692,BLIND,8554460,,complete,,,computer,Desktop or Laptop,Windows 10,Chrome 111.0.0.0,1920x1200,1920x1057,,Perceptual Organization Pilot - Audio,78,,,,,SD-AP,Practice Good,AB,Practice Bad,AB,V4-AP-Instruction,V4-AP-Instruction,2,2,1,Screen 1,advancementZone,continue_button,6722.20000000298,,,,,0,1,0,,,,,,text,,,"<p style=""font-size: 32px;""> In this next example, listen to the pitch of the sequence and the following syllable, then reply if the pitch of the syllable was 'present' or 'absent'. </p>",,,,,,,,,,,,
4,1680893369223,07/04/2023 18:49:29,1680893205963,-4,07/04/2023 14:46:45,127771,4,task-cna4,,28738692,BLIND,8554460,,complete,,,computer,Desktop or Laptop,Windows 10,Chrome 111.0.0.0,1920x1200,1920x1057,,Perceptual Organization Pilot - Audio,78,,,,,SD-AP,Practice Good,AB,Practice Bad,AB,V4-AP-Instruction,V4-AP-Instruction,3,1,1,Screen 1,Zone1,content_web_audio,0.20000000298023224,,,AUDIO PLAY REQUESTED,1,0,1,0,,,,,,task-ap,Block_5_female_1speaker_present_pitch_6_serial_3_1fixed_instruction.wav,,,,### pitch,,present,6,10,2000,"['AI_da-changeduration_Stretch__0_4-changepitchmedian_200__0-changesemitones_8.wav'
 'AI_da-changeduration_Stretch__0_4-changepitchmedian_200__0-changesemitones_-16.wav'
 'AI_da-changeduration_Stretch__0_4-changepitchmedian_200__0.wav'
 'AI_da-changeduration_Stretch__0_4-changepitchmedian_200__0-changesemitones_4.wav'
 'AI_da-changeduration_Stretch__0_4-changepitchmedian_200__0-changesemitones_-12.wav'
 'AI_da-changeduration_Stretch__0_4-changepitchmedian_200__0-changesemitones_12.wav']",AI_da-changeduration_Stretch__0_4-changepitchmedian_200__0-changesemitones_4.wav,3,fixed,
5,1680893373950,07/04/2023 18:49:33,1680893210814,-4,07/04/2023 14:46:50,127771,4,task-cna4,,28738692,BLIND,8554460,,complete,,,computer,Desktop or Laptop,Windows 10,Chrome 111.0.0.0,1920x1200,1920x1057,,Perceptual Organization Pilot - Audio,78,,,,,SD-AP,Practice Good,AB,Practice Bad,AB,V4-AP-Instruction,V4-AP-Instruction,3,1,1,Screen 1,Zone1,content_web_audio,4850.70000000298,,,,,0,1,0,,,,,,task-ap,Block_5_female_1speaker_present_pitch_6_serial_3_1fixed_instruction.wav,,,,### pitch,,present,6,10,2000,"['AI_da-changeduration_Stretch__0_4-changepitchmedian_200__0-changesemitones_8.wav'
 'AI_da-changeduration_Stretch__0_4-changepitchmedian_200__0-changesemitones_-16.wav'
 'AI_da-changeduration_Stretch__0_4-changepitchmedian_200__0.wav'
 'AI_da-changeduration_Stretch__0_4-changepitchmedian_200__0-changesemitones_4.wav'
 'AI_da-changeduration_Stretch__0_4-changepitchmedian_200__0-changesemitones_-12.wav'
 'AI_da-changeduration_Stretch__0_4-changepitchmedian_200__0-changesemitones_12.wav']",AI_da-changeduration_Stretch__0_4-changepitchmedian_200__0-changesemitones_4.wav,3,fixed,
6,1680893375037,07/04/2023 18:49:35,1680893211907,-4,07/04/2023 14:46:51,127771,4,task-cna4,,28738692,BLIND,8554460,,complete,,,computer,Desktop or Laptop,Windows 10,Chrome 111.0.0.0,1920x1200,1920x1057,,Perceptual Organization Pilot - Audio,78,,,,,SD-AP,Practice Good,AB,Practice Bad,AB,V4-AP-Instruction,V4-AP-Instruction,3,1,2,Screen 2,buttonA,response_button_text,1072.9000000059605,,,present,1,0,1,0,,,,,,task-ap,Block_5_female_1speaker_present_pitch_6_serial_3_1fixed_instruction.wav,,,,### pitch,,present,6,10,2000,"['AI_da-changeduration_Stretch__0_4-changepitchmedian_200__0-changesemitones_8.wav'
 'AI_da-changeduration_Stretch__0_4-changepitchmedian_200__0-changesemitones_-16.wav'
 'AI_da-changeduration_Stretch__0_4-changepitchmedian_200__0.wav'
 'AI_da-changeduration_Stretch__0_4-changepitchmedian_200__0-changesemitones_4.wav'
 'AI_da-changeduration_Stretch__0_4-changepitchmedian_200__0-changesemitones_-12.wav'
 'AI_da-changeduration_Stretch__0_4-changepitchmedian_200__0-changesemitones_12.wav']",AI_da-changeduration_Stretch__0_4-changepitchmedian_200__0-changesemitones_4.wav,3,fixed,
7,1680893380960,07/04/2023 18:49:40,1680893217826,-4,07/04/2023 14:46:57,127771,4,task-cna4,,28738692,BLIND,8554460,,complete,,,computer,Desktop or Laptop,Windows 10,Chrome 111.0.0.0,1920x1200,1920x1057,,Perceptual Organization Pilot - Audio,78,,,,,SD-AP,Practice Good,AB,Practice Bad,AB,V4-AP-Instruction,V4-AP-Instruction,4,3,1,Screen 1,advancementZone,continue_button,5914.600000008941,,,,,0,1,0,,,,,,text,,,"<p style=""font-size: 32px;""> In the past example, the pitch of the 4th syllable was present in the probe stimulus. Let's listen to it again. Don't worry - we know this is challenging! </p>",,,,,,,,,,,,
8,1680893381067,07/04/2023 18:49:41,1680893217833,-4,07/04/2023 14:46:57,127771,4,task-cna4,,28738692,BLIND,8554460,,complete,,,computer,Desktop or Laptop,Windows 10,Chrome 111.0.0.0,1920x1200,1920x1057,,Perceptual Organization Pilot - Audio,78,,,,,SD-AP,Practice Good,AB,Practice Bad,AB,V4-AP-Instruction,V4-AP-Instruction,5,2,1,Screen 1,Zone1,content_web_audio,0.20000000298023224,,,AUDIO PLAY REQUESTED,1,0,1,0,,,,,,task-ap,Block_5_female_1speaker_present_pitch_6_serial_3_1fixed_instruction.wav,,,,### pitch,,present,6,10,2000,"['AI_da-changeduration_Stretch__0_4-changepitchmedian_200__0-changesemitones_8.wav'
 'AI_da-changeduration_Stretch__0_4-changepitchmedian_200__0-changesemitones_-16.wav'
 'AI_da-changeduration_Stretch__0_4-changepitchmedian_200__0.wav'
 'AI_da-changeduration_Stretch__0_4-changepitchmedian_200__0-changesemitones_4.wav'
 'AI_da-changeduration_Stretch__0_4-changepitchmedian_200__0-changesemitones_-12.wav'
 'AI_da-changeduration_Stretch__0_4-changepitchmedian_200__0-changesemitones_12.wav']",AI_da-changeduration_Stretch__0_4-changepitchmedian_200__0-changesemitones_4.wav,3,fixed,
9,1680893385819,07/04/2023 18:49:45,1680893222685,-4,07/04/2023 14:47:02,127771,4,task-cna4,,28738692,BLIND,8554460,,complete,,,computer,Desktop or Laptop,Windows 10,Chrome 111.0.0.0,1920x1200,1920x1057,,Perceptual Organization Pilot - Audio,78,,,,,SD-AP,Practice Good,AB,Practice Bad,AB,V4-AP-Instruction,V4-AP-Instruction,5,2,1,Screen 1,Zone1,content_web_audio,4851.100000008941,,,,,0,1,0,,,,,,task-ap,Block_5_female_1speaker_present_pitch_6_serial_3_1fixed_instruction.wav,,,,### pitch,,present,6,10,2000,"['AI_da-changeduration_Stretch__0_4-changepitchmedian_200__0-changesemitones_8.wav'
 'AI_da-changeduration_Stretch__0_4-changepitchmedian_200__0-changesemitones_-16.wav'
 'AI_da-changeduration_Stretch__0_4-changepitchmedian_200__0.wav'
 'AI_da-changeduration_Stretch__0_4-changepitchmedian_200__0-changesemitones_4.wav'
 'AI_da-changeduration_Stretch__0_4-changepitchmedian_200__0-changesemitones_-12.wav'
 'AI_da-changeduration_Stretch__0_4-changepitchmedian_200__0-changesemitones_12.wav']",AI_da-changeduration_Stretch__0_4-changepitchmedian_200__0-changesemitones_4.wav,3,fixed,
10,1680893386659,07/04/2023 18:49:46,1680893223523,-4,07/04/2023 14:47:03,127771,4,task-cna4,,28738692,BLIND,8554460,,complete,,,computer,Desktop or Laptop,Windows 10,Chrome 111.0.0.0,1920x1200,1920x1057,,Perceptual Organization Pilot - Audio,78,,,,,SD-AP,Practice Good,AB,Practice Bad,AB,V4-AP-Instruction,V4-AP-Instruction,5,2,2,Screen 2,buttonA,response_button_text,821.5,,,present,1,0,1,0,,,,,,task-ap,Block_5_female_1speaker_present_pitch_6_serial_3_1fixed_instruction.wav,,,,### pitch,,present,6,10,2000,"['AI_da-changeduration_Stretch__0_4-changepitchmedian_200__0-changesemitones_8.wav'
 'AI_da-changeduration_Stretch__0_4-changepitchmedian_200__0-changesemitones_-16.wav'
 'AI_da-changeduration_Stretch__0_4-changepitchmedian_200__0.wav'
 'AI_da-changeduration_Stretch__0_4-changepitchmedian_200__0-changesemitones_4.wav'
 'AI_da-changeduration_Stretch__0_4-changepitchmedian_200__0-changesemitones_-12.wav'
 'AI_da-changeduration_Stretch__0_4-changepitchmedian_200__0-changesemitones_12.wav']",AI_da-changeduration_Stretch__0_4-changepitchmedian_200__0-changesemitones_4.wav,3,fixed,
11,1680893389270,07/04/2023 18:49:49,1680893226139,-4,07/04/2023 14:47:06,127771,4,task-cna4,,28738692,BLIND,8554460,,complete,,,computer,Desktop or Laptop,Windows 10,Chrome 111.0.0.0,1920x1200,1920x1057,,Perceptual Organization Pilot - Audio,78,,,,,SD-AP,Practice Good,AB,Practice Bad,AB,V4-AP-Instruction,V4-AP-Instruction,6,4,1,Screen 1,advancementZone,continue_button,2611.300000011921,,,,,0,1,0,,,,,,text,,,"<p style=""font-size: 32px;""> In the next example, pay special attention to the pitch of the last syllable in the sequence.  </p>",,,,,,,,,,,,
12,1680893389396,07/04/2023 18:49:49,1680893226145,-4,07/04/2023 14:47:06,127771,4,task-cna4,,28738692,BLIND,8554460,,complete,,,computer,Desktop or Laptop,Windows 10,Chrome 111.0.0.0,1920x1200,1920x1057,,Perceptual Organization Pilot - Audio,78,,,,,SD-AP,Practice Good,AB,Practice Bad,AB,V4-AP-Instruction,V4-AP-Instruction,7,3,1,Screen 1,Zone1,content_web_audio,0.3999999910593033,,,AUDIO PLAY REQUESTED,1,0,1,0,,,,,,task-ap,Block_5_male_1speaker_absent_pitch_6_serial_4_1fixed_instruction.wav,,,,### pitch,,absent,6,10,2000,"['AP_dee-changeduration_Stretch__0_4-changepitchmedian_100__0-changesemitones_-12.wav'
 'AP_dee-changeduration_Stretch__0_4-changepitchmedian_100__0-changesemitones_12.wav'
 'AP_dee-changeduration_Stretch__0_4-changepitchmedian_100__0-changesemitones_-16.wav'
 'AP_dee-changeduration_Stretch__0_4-changepitchmedian_100__0.wav'
 'AP_dee-changeduration_Stretch__0_4-changepitchmedian_100__0-changesemitones_8.wav'
 'AP_dee-changeduration_Stretch__0_4-changepitchmedian_100__0-changesemitones_-4.wav']",AP_dee-changeduration_Stretch__0_4-changepitchmedian_100__0-changesemitones_4.wav,4,fixed,
13,1680893394141,07/04/2023 18:49:54,1680893230996,-4,07/04/2023 14:47:10,127771,4,task-cna4,,28738692,BLIND,8554460,,complete,,,computer,Desktop or Laptop,Windows 10,Chrome 111.0.0.0,1920x1200,1920x1057,,Perceptual Organization Pilot - Audio,78,,,,,SD-AP,Practice Good,AB,Practice Bad,AB,V4-AP-Instruction,V4-AP-Instruction,7,3,1,Screen 1,Zone1,content_web_audio,4850.399999991059,,,,,0,1,0,,,,,,task-ap,Block_5_male_1speaker_absent_pitch_6_serial_4_1fixed_instruction.wav,,,,### pitch,,absent,6,10,2000,"['AP_dee-changeduration_Stretch__0_4-changepitchmedian_100__0-changesemitones_-12.wav'
 'AP_dee-changeduration_Stretch__0_4-changepitchmedian_100__0-changesemitones_12.wav'
 'AP_dee-changeduration_Stretch__0_4-changepitchmedian_100__0-changesemitones_-16.wav'
 'AP_dee-changeduration_Stretch__0_4-changepitchmedian_100__0.wav'
 'AP_dee-changeduration_Stretch__0_4-changepitchmedian_100__0-changesemitones_8.wav'
 'AP_dee-changeduration_Stretch__0_4-changepitchmedian_100__0-changesemitones_-4.wav']",AP_dee-changeduration_Stretch__0_4-changepitchmedian_100__0-changesemitones_4.wav,4,fixed,
14,1680893396972,07/04/2023 18:49:56,1680893233843,-4,07/04/2023 14:47:13,127771,4,task-cna4,,28738692,BLIND,8554460,,complete,,,computer,Desktop or Laptop,Windows 10,Chrome 111.0.0.0,1920x1200,1920x1057,,Perceptual Organization Pilot - Audio,78,,,,,SD-AP,Practice Good,AB,Practice Bad,AB,V4-AP-Instruction,V4-AP-Instruction,7,3,2,Screen 2,buttonB,response_button_text,2828.7999999970198,,,absent,1,0,1,0,,,,,,task-ap,Block_5_male_1speaker_absent_pitch_6_serial_4_1fixed_instruction.wav,,,,### pitch,,absent,6,10,2000,"['AP_dee-changeduration_Stretch__0_4-changepitchmedian_100__0-changesemitones_-12.wav'
 'AP_dee-changeduration_Stretch__0_4-changepitchmedian_100__0-changesemitones_12.wav'
 'AP_dee-changeduration_Stretch__0_4-changepitchmedian_100__0-changesemitones_-16.wav'
 'AP_dee-changeduration_Stretch__0_4-changepitchmedian_100__0.wav'
 'AP_dee-changeduration_Stretch__0_4-changepitchmedian_100__0-changesemitones_8.wav'
 'AP_dee-changeduration_Stretch__0_4-changepitchmedian_100__0-changesemitones_-4.wav']",AP_dee-changeduration_Stretch__0_4-changepitchmedian_100__0-changesemitones_4.wav,4,fixed,
15,1680893404831,07/04/2023 18:50:04,1680893241699,-4,07/04/2023 14:47:21,127771,4,task-cna4,,28738692,BLIND,8554460,,complete,,,computer,Desktop or Laptop,Windows 10,Chrome 111.0.0.0,1920x1200,1920x1057,,Perceptual Organization Pilot - Audio,78,,,,,SD-AP,Practice Good,AB,Practice Bad,AB,V4-AP-Instruction,V4-AP-Instruction,8,5,1,Screen 1,advancementZone,continue_button,7850.899999991059,,,,,0,1,0,,,,,,text,,,"<p style=""font-size: 32px;""> The previous example was 'absent', because the pitch of the single syllable was different from the pitch of the last syllable in the sequence. Try a couple more examples on your own. </p>",,,,,,,,,,,,
16,1680893404956,07/04/2023 18:50:04,1680893241706,-4,07/04/2023 14:47:21,127771,4,task-cna4,,28738692,BLIND,8554460,,complete,,,computer,Desktop or Laptop,Windows 10,Chrome 111.0.0.0,1920x1200,1920x1057,,Perceptual Organization Pilot - Audio,78,,,,,SD-AP,Practice Good,AB,Practice Bad,AB,V4-AP-Instruction,V4-AP-Instruction,9,4,1,Screen 1,Zone1,content_web_audio,0.4000000059604645,,,AUDIO PLAY REQUESTED,1,0,1,0,,,,,,task-ap,Block_5_female_1speaker_absent_pitch_6_serial_1_1rand_instruction.wav,,,,### pitch,,absent,6,10,2000,"['AI_doo-changeduration_Stretch__0_4-changepitchmedian_200__0-changesemitones_-4.wav'
 'AI_da-changeduration_Stretch__0_4-changepitchmedian_200__0.wav'
 'AI_gee-changeduration_Stretch__0_4-changepitchmedian_200__0-changesemitones_-16.wav'
 'AI_ba-changeduration_Stretch__0_4-changepitchmedian_200__0-changesemitones_8.wav'
 'AI_ga-changeduration_Stretch__0_4-changepitchmedian_200__0-changesemitones_4.wav'
 'AI_goo-changeduration_Stretch__0_4-changepitchmedian_200__0-changesemitones_12.wav']",AI_boo-changeduration_Stretch__0_4-changepitchmedian_200__0-changesemitones_-8.wav,1,rand,
17,1680893409694,07/04/2023 18:50:09,1680893246556,-4,07/04/2023 14:47:26,127771,4,task-cna4,,28738692,BLIND,8554460,,complete,,,computer,Desktop or Laptop,Windows 10,Chrome 111.0.0.0,1920x1200,1920x1057,,Perceptual Organization Pilot - Audio,78,,,,,SD-AP,Practice Good,AB,Practice Bad,AB,V4-AP-Instruction,V4-AP-Instruction,9,4,1,Screen 1,Zone1,content_web_audio,4850.70000000298,,,,,0,1,0,,,,,,task-ap,Block_5_female_1speaker_absent_pitch_6_serial_1_1rand_instruction.wav,,,,### pitch,,absent,6,10,2000,"['AI_doo-changeduration_Stretch__0_4-changepitchmedian_200__0-changesemitones_-4.wav'
 'AI_da-changeduration_Stretch__0_4-changepitchmedian_200__0.wav'
 'AI_gee-changeduration_Stretch__0_4-changepitchmedian_200__0-changesemitones_-16.wav'
 'AI_ba-changeduration_Stretch__0_4-changepitchmedian_200__0-changesemitones_8.wav'
 'AI_ga-changeduration_Stretch__0_4-changepitchmedian_200__0-changesemitones_4.wav'
 'AI_goo-changeduration_Stretch__0_4-changepitchmedian_200__0-changesemitones_12.wav']",AI_boo-changeduration_Stretch__0_4-changepitchmedian_200__0-changesemitones_-8.wav,1,rand,
18,1680893412513,07/04/2023 18:50:12,1680893249379,-4,07/04/2023 14:47:29,127771,4,task-cna4,,28738692,BLIND,8554460,,complete,,,computer,Desktop or Laptop,Windows 10,Chrome 111.0.0.0,1920x1200,1920x1057,,Perceptual Organization Pilot - Audio,78,,,,,SD-AP,Practice Good,AB,Practice Bad,AB,V4-AP-Instruction,V4-AP-Instruction,9,4,2,Screen 2,buttonB,response_button_text,2818.199999988079,,,absent,1,0,1,0,,,,,,task-ap,Block_5_female_1speaker_absent_pitch_6_serial_1_1rand_instruction.wav,,,,### pitch,,absent,6,10,2000,"['AI_doo-changeduration_Stretch__0_4-changepitchmedian_200__0-changesemitones_-4.wav'
 'AI_da-changeduration_Stretch__0_4-changepitchmedian_200__0.wav'
 'AI_gee-changeduration_Stretch__0_4-changepitchmedian_200__0-changesemitones_-16.wav'
 'AI_ba-changeduration_Stretch__0_4-changepitchmedian_200__0-changesemitones_8.wav'
 'AI_ga-changeduration_Stretch__0_4-changepitchmedian_200__0-changesemitones_4.wav'
 'AI_goo-changeduration_Stretch__0_4-changepitchmedian_200__0-changesemitones_12.wav']",AI_boo-changeduration_Stretch__0_4-changepitchmedian_200__0-changesemitones_-8.wav,1,rand,
19,1680893413729,07/04/2023 18:50:13,1680893250587,-4,07/04/2023 14:47:30,127771,4,task-cna4,,28738692,BLIND,8554460,,complete,,,computer,Desktop or Laptop,Windows 10,Chrome 111.0.0.0,1920x1200,1920x1057,,Perceptual Organization Pilot - Audio,78,,,,,SD-AP,Practice Good,AB,Practice Bad,AB,V4-AP-Instruction,V4-AP-Instruction,10,6,1,Screen 1,advancementZone,continue_button,1203.4000000059605,,,,,0,1,0,,,,,,text,,,"<p style=""font-size: 32px;""> The previous example was 'absent' </p>",,,,,,,,,,,,
20,1680893413843,07/04/2023 18:50:13,1680893250591,-4,07/04/2023 14:47:30,127771,4,task-cna4,,28738692,BLIND,8554460,,complete,,,computer,Desktop or Laptop,Windows 10,Chrome 111.0.0.0,1920x1200,1920x1057,,Perceptual Organization Pilot - Audio,78,,,,,SD-AP,Practice Good,AB,Practice Bad,AB,V4-AP-Instruction,V4-AP-Instruction,11,5,1,Screen 1,Zone1,content_web_audio,0.20000000298023224,,,AUDIO PLAY REQUESTED,1,0,1,0,,,,,,task-ap,Block_5_male_1speaker_present_pitch_6_serial_1_1rand_instruction.wav,,,,### pitch,,present,6,10,2000,"['AP_boo-changeduration_Stretch__0_4-changepitchmedian_100__0-changesemitones_-8.wav'
 'AP_ga-changeduration_Stretch__0_4-changepitchmedian_100__0-changesemitones_-16.wav'
 'AP_gee-changeduration_Stretch__0_4-changepitchmedian_100__0-changesemitones_4.wav'
 'AP_da-changeduration_Stretch__0_4-changepitchmedian_100__0-changesemitones_8.wav'
 'AP_goo-changeduration_Stretch__0_4-changepitchmedian_100__0-changesemitones_-4.wav'
 'AP_bee-changeduration_Stretch__0_4-changepitchmedian_100__0-changesemitones_16.wav']",AP_dee-changeduration_Stretch__0_4-changepitchmedian_100__0-changesemitones_-16.wav,1,rand,
21,1680893418576,07/04/2023 18:50:18,1680893255442,-4,07/04/2023 14:47:35,127771,4,task-cna4,,28738692,BLIND,8554460,,complete,,,computer,Desktop or Laptop,Windows 10,Chrome 111.0.0.0,1920x1200,1920x1057,,Perceptual Organization Pilot - Audio,78,,,,,SD-AP,Practice Good,AB,Practice Bad,AB,V4-AP-Instruction,V4-AP-Instruction,11,5,1,Screen 1,Zone1,content_web_audio,4851,,,,,0,1,0,,,,,,task-ap,Block_5_male_1speaker_present_pitch_6_serial_1_1rand_instruction.wav,,,,### pitch,,present,6,10,2000,"['AP_boo-changeduration_Stretch__0_4-changepitchmedian_100__0-changesemitones_-8.wav'
 'AP_ga-changeduration_Stretch__0_4-changepitchmedian_100__0-changesemitones_-16.wav'
 'AP_gee-changeduration_Stretch__0_4-changepitchmedian_100__0-changesemitones_4.wav'
 'AP_da-changeduration_Stretch__0_4-changepitchmedian_100__0-changesemitones_8.wav'
 'AP_goo-changeduration_Stretch__0_4-changepitchmedian_100__0-changesemitones_-4.wav'
 'AP_bee-changeduration_Stretch__0_4-changepitchmedian_100__0-changesemitones_16.wav']",AP_dee-changeduration_Stretch__0_4-changepitchmedian_100__0-changesemitones_-16.wav,1,rand,
22,1680893419589,07/04/2023 18:50:19,1680893256443,-4,07/04/2023 14:47:36,127771,4,task-cna4,,28738692,BLIND,8554460,,complete,,,computer,Desktop or Laptop,Windows 10,Chrome 111.0.0.0,1920x1200,1920x1057,,Perceptual Organization Pilot - Audio,78,,,,,SD-AP,Practice Good,AB,Practice Bad,AB,V4-AP-Instruction,V4-AP-Instruction,11,5,2,Screen 2,buttonB,response_button_text,996.3999999910593,,,absent,1,0,1,0,,,,,,task-ap,Block_5_male_1speaker_present_pitch_6_serial_1_1rand_instruction.wav,,,,### pitch,,present,6,10,2000,"['AP_boo-changeduration_Stretch__0_4-changepitchmedian_100__0-changesemitones_-8.wav'
 'AP_ga-changeduration_Stretch__0_4-changepitchmedian_100__0-changesemitones_-16.wav'
 'AP_gee-changeduration_Stretch__0_4-changepitchmedian_100__0-changesemitones_4.wav'
 'AP_da-changeduration_Stretch__0_4-changepitchmedian_100__0-changesemitones_8.wav'
 'AP_goo-changeduration_Stretch__0_4-changepitchmedian_100__0-changesemitones_-4.wav'
 'AP_bee-changeduration_Stretch__0_4-changepitchmedian_100__0-changesemitones_16.wav']",AP_dee-changeduration_Stretch__0_4-changepitchmedian_100__0-changesemitones_-16.wav,1,rand,
23,1680893420649,07/04/2023 18:50:20,1680893257515,-4,07/04/2023 14:47:37,127771,4,task-cna4,,28738692,BLIND,8554460,,complete,,,computer,Desktop or Laptop,Windows 10,Chrome 111.0.0.0,1920x1200,1920x1057,,Perceptual Organization Pilot - Audio,78,,,,,SD-AP,Practice Good,AB,Practice Bad,AB,V4-AP-Instruction,V4-AP-Instruction,12,7,1,Screen 1,advancementZone,continue_button,1066,,,,,0,1,0,,,,,,text,,,"<p style=""font-size: 32px;""> The previous example was 'present' </p>",,,,,,,,,,,,
24,1680893424871,07/04/2023 18:50:24,1680893261723,-4,07/04/2023 14:47:41,127771,4,task-cna4,,28738692,BLIND,8554460,,complete,,,computer,Desktop or Laptop,Windows 10,Chrome 111.0.0.0,1920x1200,1920x1057,,Perceptual Organization Pilot - Audio,78,,,,,SD-AP,Practice Good,AB,Practice Bad,AB,V4-AP-Instruction,V4-AP-Instruction,13,8,1,Screen 1,advancementZone,continue_button,4202.5999999940395,,,,,0,1,0,,,,,,text,,,"<p style=""font-size: 32px;""> In this next practice section, you will hear a sequence of syllables with different pitches, a pause, then a single syllable. Your task is to determine whether the syllable itself was present or absent from the sequence. </p>",,,,,,,,,,,,
25,1680893424977,07/04/2023 18:50:24,1680893261729,-4,07/04/2023 14:47:41,127771,4,task-cna4,,28738692,BLIND,8554460,,complete,,,computer,Desktop or Laptop,Windows 10,Chrome 111.0.0.0,1920x1200,1920x1057,,Perceptual Organization Pilot - Audio,78,,,,,SD-AP,Practice Good,AB,Practice Bad,AB,V4-AP-Instruction,V4-AP-Instruction,14,6,1,Screen 1,Zone1,content_web_audio,0.20000000298023224,,,AUDIO PLAY REQUESTED,1,0,1,0,,,,,,task-ap,Block_5_female_1speaker_present_word_6_serial_3_1fixed_instruction.wav,,,,### word,,present,6,10,2000,"['AI_doo-changeduration_Stretch__0_4-changepitchmedian_200__0-changesemitones_12.wav'
 'AI_da-changeduration_Stretch__0_4-changepitchmedian_200__0-changesemitones_12.wav'
 'AI_gee-changeduration_Stretch__0_4-changepitchmedian_200__0-changesemitones_12.wav'
 'AI_goo-changeduration_Stretch__0_4-changepitchmedian_200__0-changesemitones_12.wav'
 'AI_ba-changeduration_Stretch__0_4-changepitchmedian_200__0-changesemitones_12.wav'
 'AI_bee-changeduration_Stretch__0_4-changepitchmedian_200__0-changesemitones_12.wav']",AI_goo-changeduration_Stretch__0_4-changepitchmedian_200__0-changesemitones_12.wav,3,fixed,
26,1680893429722,07/04/2023 18:50:29,1680893266579,-4,07/04/2023 14:47:46,127771,4,task-cna4,,28738692,BLIND,8554460,,complete,,,computer,Desktop or Laptop,Windows 10,Chrome 111.0.0.0,1920x1200,1920x1057,,Perceptual Organization Pilot - Audio,78,,,,,SD-AP,Practice Good,AB,Practice Bad,AB,V4-AP-Instruction,V4-AP-Instruction,14,6,1,Screen 1,Zone1,content_web_audio,4850.100000008941,,,,,0,1,0,,,,,,task-ap,Block_5_female_1speaker_present_word_6_serial_3_1fixed_instruction.wav,,,,### word,,present,6,10,2000,"['AI_doo-changeduration_Stretch__0_4-changepitchmedian_200__0-changesemitones_12.wav'
 'AI_da-changeduration_Stretch__0_4-changepitchmedian_200__0-changesemitones_12.wav'
 'AI_gee-changeduration_Stretch__0_4-changepitchmedian_200__0-changesemitones_12.wav'
 'AI_goo-changeduration_Stretch__0_4-changepitchmedian_200__0-changesemitones_12.wav'
 'AI_ba-changeduration_Stretch__0_4-changepitchmedian_200__0-changesemitones_12.wav'
 'AI_bee-changeduration_Stretch__0_4-changepitchmedian_200__0-changesemitones_12.wav']",AI_goo-changeduration_Stretch__0_4-changepitchmedian_200__0-changesemitones_12.wav,3,fixed,
27,1680893432489,07/04/2023 18:50:32,1680893269347,-4,07/04/2023 14:47:49,127771,4,task-cna4,,28738692,BLIND,8554460,,complete,,,computer,Desktop or Laptop,Windows 10,Chrome 111.0.0.0,1920x1200,1920x1057,,Perceptual Organization Pilot - Audio,78,,,,,SD-AP,Practice Good,AB,Practice Bad,AB,V4-AP-Instruction,V4-AP-Instruction,14,6,2,Screen 2,buttonA,response_button_text,2750.2000000029802,,,present,1,0,1,0,,,,,,task-ap,Block_5_female_1speaker_present_word_6_serial_3_1fixed_instruction.wav,,,,### word,,present,6,10,2000,"['AI_doo-changeduration_Stretch__0_4-changepitchmedian_200__0-changesemitones_12.wav'
 'AI_da-changeduration_Stretch__0_4-changepitchmedian_200__0-changesemitones_12.wav'
 'AI_gee-changeduration_Stretch__0_4-changepitchmedian_200__0-changesemitones_12.wav'
 'AI_goo-changeduration_Stretch__0_4-changepitchmedian_200__0-changesemitones_12.wav'
 'AI_ba-changeduration_Stretch__0_4-changepitchmedian_200__0-changesemitones_12.wav'
 'AI_bee-changeduration_Stretch__0_4-changepitchmedian_200__0-changesemitones_12.wav']",AI_goo-changeduration_Stretch__0_4-changepitchmedian_200__0-changesemitones_12.wav,3,fixed,
28,1680893435163,07/04/2023 18:50:35,1680893272019,-4,07/04/2023 14:47:52,127771,4,task-cna4,,28738692,BLIND,8554460,,complete,,,computer,Desktop or Laptop,Windows 10,Chrome 111.0.0.0,1920x1200,1920x1057,,Perceptual Organization Pilot - Audio,78,,,,,SD-AP,Practice Good,AB,Practice Bad,AB,V4-AP-Instruction,V4-AP-Instruction,15,9,1,Screen 1,advancementZone,continue_button,2667.4000000059605,,,,,0,1,0,,,,,,text,,,"<p style=""font-size: 32px;""> In the past example, the 4th syllable in the sequence was the same as the singular syllable. Let's listen to it again! </p>",,,,,,,,,,,,
29,1680893435268,07/04/2023 18:50:35,1680893272024,-4,07/04/2023 14:47:52,127771,4,task-cna4,,28738692,BLIND,8554460,,complete,,,computer,Desktop or Laptop,Windows 10,Chrome 111.0.0.0,1920x1200,1920x1057,,Perceptual Organization Pilot - Audio,78,,,,,SD-AP,Practice Good,AB,Practice Bad,AB,V4-AP-Instruction,V4-AP-Instruction,16,7,1,Screen 1,Zone1,content_web_audio,0.20000000298023224,,,AUDIO PLAY REQUESTED,1,0,1,0,,,,,,task-ap,Block_5_female_1speaker_present_word_6_serial_3_1fixed_instruction.wav,,,,### word,,present,6,10,2000,"['AI_doo-changeduration_Stretch__0_4-changepitchmedian_200__0-changesemitones_12.wav'
 'AI_da-changeduration_Stretch__0_4-changepitchmedian_200__0-changesemitones_12.wav'
 'AI_gee-changeduration_Stretch__0_4-changepitchmedian_200__0-changesemitones_12.wav'
 'AI_goo-changeduration_Stretch__0_4-changepitchmedian_200__0-changesemitones_12.wav'
 'AI_ba-changeduration_Stretch__0_4-changepitchmedian_200__0-changesemitones_12.wav'
 'AI_bee-changeduration_Stretch__0_4-changepitchmedian_200__0-changesemitones_12.wav']",AI_goo-changeduration_Stretch__0_4-changepitchmedian_200__0-changesemitones_12.wav,3,fixed,
30,1680893440017,07/04/2023 18:50:40,1680893276874,-4,07/04/2023 14:47:56,127771,4,task-cna4,,28738692,BLIND,8554460,,complete,,,computer,Desktop or Laptop,Windows 10,Chrome 111.0.0.0,1920x1200,1920x1057,,Perceptual Organization Pilot - Audio,78,,,,,SD-AP,Practice Good,AB,Practice Bad,AB,V4-AP-Instruction,V4-AP-Instruction,16,7,1,Screen 1,Zone1,content_web_audio,4850,,,,,0,1,0,,,,,,task-ap,Block_5_female_1speaker_present_word_6_serial_3_1fixed_instruction.wav,,,,### word,,present,6,10,2000,"['AI_doo-changeduration_Stretch__0_4-changepitchmedian_200__0-changesemitones_12.wav'
 'AI_da-changeduration_Stretch__0_4-changepitchmedian_200__0-changesemitones_12.wav'
 'AI_gee-changeduration_Stretch__0_4-changepitchmedian_200__0-changesemitones_12.wav'
 'AI_goo-changeduration_Stretch__0_4-changepitchmedian_200__0-changesemitones_12.wav'
 'AI_ba-changeduration_Stretch__0_4-changepitchmedian_200__0-changesemitones_12.wav'
 'AI_bee-changeduration_Stretch__0_4-changepitchmedian_200__0-changesemitones_12.wav']",AI_goo-changeduration_Stretch__0_4-changepitchmedian_200__0-changesemitones_12.wav,3,fixed,
31,1680893441121,07/04/2023 18:50:41,1680893277986,-4,07/04/2023 14:47:57,127771,4,task-cna4,,28738692,BLIND,8554460,,complete,,,computer,Desktop or Laptop,Windows 10,Chrome 111.0.0.0,1920x1200,1920x1057,,Perceptual Organization Pilot - Audio,78,,,,,SD-AP,Practice Good,AB,Practice Bad,AB,V4-AP-Instruction,V4-AP-Instruction,16,7,2,Screen 2,buttonA,response_button_text,1094.5999999940395,,,present,1,0,1,0,,,,,,task-ap,Block_5_female_1speaker_present_word_6_serial_3_1fixed_instruction.wav,,,,### word,,present,6,10,2000,"['AI_doo-changeduration_Stretch__0_4-changepitchmedian_200__0-changesemitones_12.wav'
 'AI_da-changeduration_Stretch__0_4-changepitchmedian_200__0-changesemitones_12.wav'
 'AI_gee-changeduration_Stretch__0_4-changepitchmedian_200__0-changesemitones_12.wav'
 'AI_goo-changeduration_Stretch__0_4-changepitchmedian_200__0-changesemitones_12.wav'
 'AI_ba-changeduration_Stretch__0_4-changepitchmedian_200__0-changesemitones_12.wav'
 'AI_bee-changeduration_Stretch__0_4-changepitchmedian_200__0-changesemitones_12.wav']",AI_goo-changeduration_Stretch__0_4-changepitchmedian_200__0-changesemitones_12.wav,3,fixed,
32,1680893443556,07/04/2023 18:50:43,1680893280419,-4,07/04/2023 14:48:00,127771,4,task-cna4,,28738692,BLIND,8554460,,complete,,,computer,Desktop or Laptop,Windows 10,Chrome 111.0.0.0,1920x1200,1920x1057,,Perceptual Organization Pilot - Audio,78,,,,,SD-AP,Practice Good,AB,Practice Bad,AB,V4-AP-Instruction,V4-AP-Instruction,17,10,1,Screen 1,advancementZone,continue_button,2428.7000000029802,,,,,0,1,0,,,,,,text,,,"<p style=""font-size: 32px;""> The previous example was 'present'. Try a couple more examples on your own. </p>",,,,,,,,,,,,
33,1680893443665,07/04/2023 18:50:43,1680893280425,-4,07/04/2023 14:48:00,127771,4,task-cna4,,28738692,BLIND,8554460,,complete,,,computer,Desktop or Laptop,Windows 10,Chrome 111.0.0.0,1920x1200,1920x1057,,Perceptual Organization Pilot - Audio,78,,,,,SD-AP,Practice Good,AB,Practice Bad,AB,V4-AP-Instruction,V4-AP-Instruction,18,8,1,Screen 1,Zone1,content_web_audio,0.3999999910593033,,,AUDIO PLAY REQUESTED,1,0,1,0,,,,,,task-ap,Block_5_male_1speaker_absent_word_6_serial_4_1fixed_instruction.wav,,,,### word,,absent,6,10,2000,"['AP_da-changeduration_Stretch__0_4-changepitchmedian_100__0-changesemitones_12.wav'
 'AP_gee-changeduration_Stretch__0_4-changepitchmedian_100__0-changesemitones_12.wav'
 'AP_doo-changeduration_Stretch__0_4-changepitchmedian_100__0-changesemitones_12.wav'
 'AP_dee-changeduration_Stretch__0_4-changepitchmedian_100__0-changesemitones_12.wav'
 'AP_bee-changeduration_Stretch__0_4-changepitchmedian_100__0-changesemitones_12.wav'
 'AP_boo-changeduration_Stretch__0_4-changepitchmedian_100__0-changesemitones_12.wav']",AP_goo-changeduration_Stretch__0_4-changepitchmedian_100__0-changesemitones_12.wav,4,fixed,
34,1680893448415,07/04/2023 18:50:48,1680893285276,-4,07/04/2023 14:48:05,127771,4,task-cna4,,28738692,BLIND,8554460,,complete,,,computer,Desktop or Laptop,Windows 10,Chrome 111.0.0.0,1920x1200,1920x1057,,Perceptual Organization Pilot - Audio,78,,,,,SD-AP,Practice Good,AB,Practice Bad,AB,V4-AP-Instruction,V4-AP-Instruction,18,8,1,Screen 1,Zone1,content_web_audio,4851.0999999940395,,,,,0,1,0,,,,,,task-ap,Block_5_male_1speaker_absent_word_6_serial_4_1fixed_instruction.wav,,,,### word,,absent,6,10,2000,"['AP_da-changeduration_Stretch__0_4-changepitchmedian_100__0-changesemitones_12.wav'
 'AP_gee-changeduration_Stretch__0_4-changepitchmedian_100__0-changesemitones_12.wav'
 'AP_doo-changeduration_Stretch__0_4-changepitchmedian_100__0-changesemitones_12.wav'
 'AP_dee-changeduration_Stretch__0_4-changepitchmedian_100__0-changesemitones_12.wav'
 'AP_bee-changeduration_Stretch__0_4-changepitchmedian_100__0-changesemitones_12.wav'
 'AP_boo-changeduration_Stretch__0_4-changepitchmedian_100__0-changesemitones_12.wav']",AP_goo-changeduration_Stretch__0_4-changepitchmedian_100__0-changesemitones_12.wav,4,fixed,
35,1680893449373,07/04/2023 18:50:49,1680893286243,-4,07/04/2023 14:48:06,127771,4,task-cna4,,28738692,BLIND,8554460,,complete,,,computer,Desktop or Laptop,Windows 10,Chrome 111.0.0.0,1920x1200,1920x1057,,Perceptual Organization Pilot - Audio,78,,,,,SD-AP,Practice Good,AB,Practice Bad,AB,V4-AP-Instruction,V4-AP-Instruction,18,8,2,Screen 2,buttonA,response_button_text,959,,,present,1,0,1,0,,,,,,task-ap,Block_5_male_1speaker_absent_word_6_serial_4_1fixed_instruction.wav,,,,### word,,absent,6,10,2000,"['AP_da-changeduration_Stretch__0_4-changepitchmedian_100__0-changesemitones_12.wav'
 'AP_gee-changeduration_Stretch__0_4-changepitchmedian_100__0-changesemitones_12.wav'
 'AP_doo-changeduration_Stretch__0_4-changepitchmedian_100__0-changesemitones_12.wav'
 'AP_dee-changeduration_Stretch__0_4-changepitchmedian_100__0-changesemitones_12.wav'
 'AP_bee-changeduration_Stretch__0_4-changepitchmedian_100__0-changesemitones_12.wav'
 'AP_boo-changeduration_Stretch__0_4-changepitchmedian_100__0-changesemitones_12.wav']",AP_goo-changeduration_Stretch__0_4-changepitchmedian_100__0-changesemitones_12.wav,4,fixed,
36,1680893450450,07/04/2023 18:50:50,1680893287323,-4,07/04/2023 14:48:07,127771,4,task-cna4,,28738692,BLIND,8554460,,complete,,,computer,Desktop or Laptop,Windows 10,Chrome 111.0.0.0,1920x1200,1920x1057,,Perceptual Organization Pilot - Audio,78,,,,,SD-AP,Practice Good,AB,Practice Bad,AB,V4-AP-Instruction,V4-AP-Instruction,19,11,1,Screen 1,advancementZone,continue_button,1075.7000000029802,,,,,0,1,0,,,,,,text,,,"<p style=""font-size: 32px;""> The previous example was 'absent' </p>",,,,,,,,,,,,
37,1680893450560,07/04/2023 18:50:50,1680893287328,-4,07/04/2023 14:48:07,127771,4,task-cna4,,28738692,BLIND,8554460,,complete,,,computer,Desktop or Laptop,Windows 10,Chrome 111.0.0.0,1920x1200,1920x1057,,Perceptual Organization Pilot - Audio,78,,,,,SD-AP,Practice Good,AB,Practice Bad,AB,V4-AP-Instruction,V4-AP-Instruction,20,9,1,Screen 1,Zone1,content_web_audio,0.20000000298023224,,,AUDIO PLAY REQUESTED,1,0,1,0,,,,,,task-ap,Block_5_female_1speaker_absent_word_6_serial_1_1rand_instruction.wav,,,,### word,,absent,6,10,2000,"['AI_da-changeduration_Stretch__0_4-changepitchmedian_200__0-changesemitones_-8.wav'
 'AI_dee-changeduration_Stretch__0_4-changepitchmedian_200__0-changesemitones_16.wav'
 'AI_ga-changeduration_Stretch__0_4-changepitchmedian_200__0.wav'
 'AI_gee-changeduration_Stretch__0_4-changepitchmedian_200__0-changesemitones_-16.wav'
 'AI_boo-changeduration_Stretch__0_4-changepitchmedian_200__0-changesemitones_8.wav'
 'AI_ba-changeduration_Stretch__0_4-changepitchmedian_200__0-changesemitones_4.wav']",AI_bee-changeduration_Stretch__0_4-changepitchmedian_200__0-changesemitones_12.wav,1,rand,
38,1680893455321,07/04/2023 18:50:55,1680893292178,-4,07/04/2023 14:48:12,127771,4,task-cna4,,28738692,BLIND,8554460,,complete,,,computer,Desktop or Laptop,Windows 10,Chrome 111.0.0.0,1920x1200,1920x1057,,Perceptual Organization Pilot - Audio,78,,,,,SD-AP,Practice Good,AB,Practice Bad,AB,V4-AP-Instruction,V4-AP-Instruction,20,9,1,Screen 1,Zone1,content_web_audio,4850.5,,,,,0,1,0,,,,,,task-ap,Block_5_female_1speaker_absent_word_6_serial_1_1rand_instruction.wav,,,,### word,,absent,6,10,2000,"['AI_da-changeduration_Stretch__0_4-changepitchmedian_200__0-changesemitones_-8.wav'
 'AI_dee-changeduration_Stretch__0_4-changepitchmedian_200__0-changesemitones_16.wav'
 'AI_ga-changeduration_Stretch__0_4-changepitchmedian_200__0.wav'
 'AI_gee-changeduration_Stretch__0_4-changepitchmedian_200__0-changesemitones_-16.wav'
 'AI_boo-changeduration_Stretch__0_4-changepitchmedian_200__0-changesemitones_8.wav'
 'AI_ba-changeduration_Stretch__0_4-changepitchmedian_200__0-changesemitones_4.wav']",AI_bee-changeduration_Stretch__0_4-changepitchmedian_200__0-changesemitones_12.wav,1,rand,
39,1680893456754,07/04/2023 18:50:56,1680893293618,-4,07/04/2023 14:48:13,127771,4,task-cna4,,28738692,BLIND,8554460,,complete,,,computer,Desktop or Laptop,Windows 10,Chrome 111.0.0.0,1920x1200,1920x1057,,Perceptual Organization Pilot - Audio,78,,,,,SD-AP,Practice Good,AB,Practice Bad,AB,V4-AP-Instruction,V4-AP-Instruction,20,9,2,Screen 2,buttonB,response_button_text,1423.5999999940395,,,absent,1,0,1,0,,,,,,task-ap,Block_5_female_1speaker_absent_word_6_serial_1_1rand_instruction.wav,,,,### word,,absent,6,10,2000,"['AI_da-changeduration_Stretch__0_4-changepitchmedian_200__0-changesemitones_-8.wav'
 'AI_dee-changeduration_Stretch__0_4-changepitchmedian_200__0-changesemitones_16.wav'
 'AI_ga-changeduration_Stretch__0_4-changepitchmedian_200__0.wav'
 'AI_gee-changeduration_Stretch__0_4-changepitchmedian_200__0-changesemitones_-16.wav'
 'AI_boo-changeduration_Stretch__0_4-changepitchmedian_200__0-changesemitones_8.wav'
 'AI_ba-changeduration_Stretch__0_4-changepitchmedian_200__0-changesemitones_4.wav']",AI_bee-changeduration_Stretch__0_4-changepitchmedian_200__0-changesemitones_12.wav,1,rand,
40,1680893457918,07/04/2023 18:50:57,1680893294778,-4,07/04/2023 14:48:14,127771,4,task-cna4,,28738692,BLIND,8554460,,complete,,,computer,Desktop or Laptop,Windows 10,Chrome 111.0.0.0,1920x1200,1920x1057,,Perceptual Organization Pilot - Audio,78,,,,,SD-AP,Practice Good,AB,Practice Bad,AB,V4-AP-Instruction,V4-AP-Instruction,21,12,1,Screen 1,advancementZone,continue_button,1155.6000000089407,,,,,0,1,0,,,,,,text,,,"<p style=""font-size: 32px;""> The previous example was 'absent' </p>",,,,,,,,,,,,
41,1680893458013,07/04/2023 18:50:58,1680893294782,-4,07/04/2023 14:48:14,127771,4,task-cna4,,28738692,BLIND,8554460,,complete,,,computer,Desktop or Laptop,Windows 10,Chrome 111.0.0.0,1920x1200,1920x1057,,Perceptual Organization Pilot - Audio,78,,,,,SD-AP,Practice Good,AB,Practice Bad,AB,V4-AP-Instruction,V4-AP-Instruction,22,10,1,Screen 1,Zone1,content_web_audio,0.19999998807907104,,,AUDIO PLAY REQUESTED,1,0,1,0,,,,,,task-ap,Block_5_male_1speaker_present_word_6_serial_1_1rand_instruction.wav,,,,### word,,present,6,10,2000,"['AP_ba-changeduration_Stretch__0_4-changepitchmedian_100__0.wav'
 'AP_doo-changeduration_Stretch__0_4-changepitchmedian_100__0-changesemitones_-12.wav'
 'AP_ga-changeduration_Stretch__0_4-changepitchmedian_100__0-changesemitones_8.wav'
 'AP_da-changeduration_Stretch__0_4-changepitchmedian_100__0-changesemitones_-16.wav'
 'AP_dee-changeduration_Stretch__0_4-changepitchmedian_100__0-changesemitones_12.wav'
 'AP_bee-changeduration_Stretch__0_4-changepitchmedian_100__0-changesemitones_16.wav']",AP_doo-changeduration_Stretch__0_4-changepitchmedian_100__0-changesemitones_-8.wav,1,rand,
42,1680893462774,07/04/2023 18:51:02,1680893299632,-4,07/04/2023 14:48:19,127771,4,task-cna4,,28738692,BLIND,8554460,,complete,,,computer,Desktop or Laptop,Windows 10,Chrome 111.0.0.0,1920x1200,1920x1057,,Perceptual Organization Pilot - Audio,78,,,,,SD-AP,Practice Good,AB,Practice Bad,AB,V4-AP-Instruction,V4-AP-Instruction,22,10,1,Screen 1,Zone1,content_web_audio,4850.399999991059,,,,,0,1,0,,,,,,task-ap,Block_5_male_1speaker_present_word_6_serial_1_1rand_instruction.wav,,,,### word,,present,6,10,2000,"['AP_ba-changeduration_Stretch__0_4-changepitchmedian_100__0.wav'
 'AP_doo-changeduration_Stretch__0_4-changepitchmedian_100__0-changesemitones_-12.wav'
 'AP_ga-changeduration_Stretch__0_4-changepitchmedian_100__0-changesemitones_8.wav'
 'AP_da-changeduration_Stretch__0_4-changepitchmedian_100__0-changesemitones_-16.wav'
 'AP_dee-changeduration_Stretch__0_4-changepitchmedian_100__0-changesemitones_12.wav'
 'AP_bee-changeduration_Stretch__0_4-changepitchmedian_100__0-changesemitones_16.wav']",AP_doo-changeduration_Stretch__0_4-changepitchmedian_100__0-changesemitones_-8.wav,1,rand,
43,1680893465197,07/04/2023 18:51:05,1680893302059,-4,07/04/2023 14:48:22,127771,4,task-cna4,,28738692,BLIND,8554460,,complete,,,computer,Desktop or Laptop,Windows 10,Chrome 111.0.0.0,1920x1200,1920x1057,,Perceptual Organization Pilot - Audio,78,,,,,SD-AP,Practice Good,AB,Practice Bad,AB,V4-AP-Instruction,V4-AP-Instruction,22,10,2,Screen 2,buttonB,response_button_text,2419,,,absent,1,0,1,0,,,,,,task-ap,Block_5_male_1speaker_present_word_6_serial_1_1rand_instruction.wav,,,,### word,,present,6,10,2000,"['AP_ba-changeduration_Stretch__0_4-changepitchmedian_100__0.wav'
 'AP_doo-changeduration_Stretch__0_4-changepitchmedian_100__0-changesemitones_-12.wav'
 'AP_ga-changeduration_Stretch__0_4-changepitchmedian_100__0-changesemitones_8.wav'
 'AP_da-changeduration_Stretch__0_4-changepitchmedian_100__0-changesemitones_-16.wav'
 'AP_dee-changeduration_Stretch__0_4-changepitchmedian_100__0-changesemitones_12.wav'
 'AP_bee-changeduration_Stretch__0_4-changepitchmedian_100__0-changesemitones_16.wav']",AP_doo-changeduration_Stretch__0_4-changepitchmedian_100__0-changesemitones_-8.wav,1,rand,
44,1680893469210,07/04/2023 18:51:09,1680893306074,-4,07/04/2023 14:48:26,127771,4,task-cna4,,28738692,BLIND,8554460,,complete,,,computer,Desktop or Laptop,Windows 10,Chrome 111.0.0.0,1920x1200,1920x1057,,Perceptual Organization Pilot - Audio,78,,,,,SD-AP,Practice Good,AB,Practice Bad,AB,V4-AP-Instruction,V4-AP-Instruction,23,13,1,Screen 1,advancementZone,continue_button,4012.4000000059605,,,,,0,1,0,,,,,,text,,,"<p style=""font-size: 32px;""> The previous example was 'present'. You are done the introductory trials. </p> <p style=""font-size: 32px;"">  You will now be taken to a practice section with 8 trials. You must get 5/8 trials correct to continue with the rest of the experiment. </p>",,,,,,,,,,,,
45,1680893469307,07/04/2023 18:51:09,1680893306077,-4,07/04/2023 14:48:26,127771,4,task-cna4,,28738692,BLIND,8554460,,complete,,,computer,Desktop or Laptop,Windows 10,Chrome 111.0.0.0,1920x1200,1920x1057,,Perceptual Organization Pilot - Audio,78,,,,,SD-AP,Practice Good,AB,Practice Bad,AB,V4-AP-Instruction,,,END TASK,,,,,131971,,,,,0,1,0,,,,,,,,,,,,,,,,,,,,,
END OF FILE
