﻿Event Index,UTC Timestamp,UTC Date,Local Timestamp,Local Timezone,Local Date,Experiment ID,Experiment Version,Tree Node Key,Repeat Key,Schedule ID,Participant Public ID,Participant Private ID,Participant Starting Group,Participant Status,Participant Completion Code,Participant External Session ID,Participant Device Type,Participant Device,Participant OS,Participant Browser,Participant Monitor Size,Participant Viewport Size,Checkpoint,Task Name,Task Version,branch-fh7p,branch-inb7,order-l841,order-bvi9,randomiser-s4k1,branch-lfp6,order-svai,branch-8j67,order-md2h,Spreadsheet,Spreadsheet Name,Spreadsheet Row,Trial Number,Screen Number,Screen Name,Zone Name,Zone Type,Reaction Time,Reaction Onset,Response Type,Response,Attempt,Correct,Incorrect,Dishonest,X Coordinate,Y Coordinate,Timed Out,randomise_blocks,randomise_trials,display,Audio_Filename,Same_Different,text,embedded,Attend_Condition,Present_Absent,Absent_Present,Length,Pause,Sequence Pause,Sequence_Names,Switch_Names,Stim_Ind,Stim_Name,Non_attend_dim
1,1680892451302,07/04/2023 18:34:11,1680892288104,-4,07/04/2023 14:31:28,127771,4,task-i24r,,28738470,BLIND,8554460,,complete,,,computer,Desktop or Laptop,Windows 10,Chrome 111.0.0.0,1920x1200,1920x1057,,Perceptual Organization Pilot - Audio,78,,,,,SD-AP,Practice Good,AB,Practice Bad,AB,V4-SD-Instruction,,,BEGIN TASK,,,,,,,,,,0,1,0,,,,,,,,,,,,,,,,,,,,,
2,1680892463282,07/04/2023 18:34:23,1680892300157,-4,07/04/2023 14:31:40,127771,4,task-i24r,,28738470,BLIND,8554460,,complete,,,computer,Desktop or Laptop,Windows 10,Chrome 111.0.0.0,1920x1200,1920x1057,,Perceptual Organization Pilot - Audio,78,,,,,SD-AP,Practice Good,AB,Practice Bad,AB,V4-SD-Instruction,V4-SD-Instruction,1,1,1,Screen 1,advancementZone,continue_button,12010.20000000298,,,,,0,1,0,,,,,,text,,,"<p style=""font-size: 48px;"">In this task, you will be presented with a sequence of syllables with unique pitches, then another sequence of syllables with unique pitches. </p> <p style=""font-size: 48px;""> There are two different tasks you may be asked to do.  </p> <p style=""font-size: 48px;""> The first task is to remember the syllables in the first sequence, then decide if the syllables in the second sequence were in the same order as the first sequence. </p> <p style=""font-size: 48px;""> The second task is to remember the pitches in the first sequence, then decide if the pitches in the second sequence were in the same order as the first sequence. </p> <p style=""font-size: 48px;"">  After hearing both sequences, you will be prompted to reply with 'same' or 'different'. <p style=""font-size: 48px;""><p style=""font-size: 48px;""> We will start with some examples. </p>",,,,,,,,,,,,
3,1680892466594,07/04/2023 18:34:26,1680892303468,-4,07/04/2023 14:31:43,127771,4,task-i24r,,28738470,BLIND,8554460,,complete,,,computer,Desktop or Laptop,Windows 10,Chrome 111.0.0.0,1920x1200,1920x1057,,Perceptual Organization Pilot - Audio,78,,,,,SD-AP,Practice Good,AB,Practice Bad,AB,V4-SD-Instruction,V4-SD-Instruction,2,2,1,Screen 1,advancementZone,continue_button,3305.5,,,,,0,1,0,,,,,,text,,,"<p style=""font-size: 32px;""> In this first practice example, listen to the pitch of the sequences and reply if the order is the 'same' or 'different'.</p>",,,,,,,,,,,,
4,1680892466707,07/04/2023 18:34:26,1680892303483,-4,07/04/2023 14:31:43,127771,4,task-i24r,,28738470,BLIND,8554460,,complete,,,computer,Desktop or Laptop,Windows 10,Chrome 111.0.0.0,1920x1200,1920x1057,,Perceptual Organization Pilot - Audio,78,,,,,SD-AP,Practice Good,AB,Practice Bad,AB,V4-SD-Instruction,V4-SD-Instruction,3,1,1,Screen 1,audio,content_web_audio,0.6000000089406967,,,AUDIO PLAY REQUESTED,1,0,1,0,,,,,,task-sd,Block_5_female_1speaker_diff_pitch_6_serial_3_stim1fixed_instruction.wav,different,,,### pitch,,,6,10,2000,"['AI_goo-changeduration_Stretch__0_4-changepitchmedian_200__0-changesemitones_4.wav'
 'AI_goo-changeduration_Stretch__0_4-changepitchmedian_200__0-changesemitones_-8.wav'
 'AI_goo-changeduration_Stretch__0_4-changepitchmedian_200__0-changesemitones_-16.wav'
 'AI_goo-changeduration_Stretch__0_4-changepitchmedian_200__0-changesemitones_12.wav'
 'AI_goo-changeduration_Stretch__0_4-changepitchmedian_200__0.wav'
 'AI_goo-changeduration_Stretch__0_4-changepitchmedian_200__0-changesemitones_-4.wav']","['AI_goo-changeduration_Stretch__0_4-changepitchmedian_200__0-changesemitones_4.wav'
 'AI_goo-changeduration_Stretch__0_4-changepitchmedian_200__0-changesemitones_-8.wav'
 'AI_goo-changeduration_Stretch__0_4-changepitchmedian_200__0-changesemitones_-16.wav'
 'AI_goo-changeduration_Stretch__0_4-changepitchmedian_200__0.wav'
 'AI_goo-changeduration_Stretch__0_4-changepitchmedian_200__0-changesemitones_12.wav'
 'AI_goo-changeduration_Stretch__0_4-changepitchmedian_200__0-changesemitones_-4.wav']",3,fixed,
5,1680892473523,07/04/2023 18:34:33,1680892310390,-4,07/04/2023 14:31:50,127771,4,task-i24r,,28738470,BLIND,8554460,,complete,,,computer,Desktop or Laptop,Windows 10,Chrome 111.0.0.0,1920x1200,1920x1057,,Perceptual Organization Pilot - Audio,78,,,,,SD-AP,Practice Good,AB,Practice Bad,AB,V4-SD-Instruction,V4-SD-Instruction,3,1,1,Screen 1,audio,content_web_audio,6906.4000000059605,,,,,0,1,0,,,,,,task-sd,Block_5_female_1speaker_diff_pitch_6_serial_3_stim1fixed_instruction.wav,different,,,### pitch,,,6,10,2000,"['AI_goo-changeduration_Stretch__0_4-changepitchmedian_200__0-changesemitones_4.wav'
 'AI_goo-changeduration_Stretch__0_4-changepitchmedian_200__0-changesemitones_-8.wav'
 'AI_goo-changeduration_Stretch__0_4-changepitchmedian_200__0-changesemitones_-16.wav'
 'AI_goo-changeduration_Stretch__0_4-changepitchmedian_200__0-changesemitones_12.wav'
 'AI_goo-changeduration_Stretch__0_4-changepitchmedian_200__0.wav'
 'AI_goo-changeduration_Stretch__0_4-changepitchmedian_200__0-changesemitones_-4.wav']","['AI_goo-changeduration_Stretch__0_4-changepitchmedian_200__0-changesemitones_4.wav'
 'AI_goo-changeduration_Stretch__0_4-changepitchmedian_200__0-changesemitones_-8.wav'
 'AI_goo-changeduration_Stretch__0_4-changepitchmedian_200__0-changesemitones_-16.wav'
 'AI_goo-changeduration_Stretch__0_4-changepitchmedian_200__0.wav'
 'AI_goo-changeduration_Stretch__0_4-changepitchmedian_200__0-changesemitones_12.wav'
 'AI_goo-changeduration_Stretch__0_4-changepitchmedian_200__0-changesemitones_-4.wav']",3,fixed,
6,1680892478070,07/04/2023 18:34:38,1680892314925,-4,07/04/2023 14:31:54,127771,4,task-i24r,,28738470,BLIND,8554460,,complete,,,computer,Desktop or Laptop,Windows 10,Chrome 111.0.0.0,1920x1200,1920x1057,,Perceptual Organization Pilot - Audio,78,,,,,SD-AP,Practice Good,AB,Practice Bad,AB,V4-SD-Instruction,V4-SD-Instruction,3,1,2,Screen 2,buttonB,response_button_text,4520.5,,,different,1,1,0,0,,,,,,task-sd,Block_5_female_1speaker_diff_pitch_6_serial_3_stim1fixed_instruction.wav,different,,,### pitch,,,6,10,2000,"['AI_goo-changeduration_Stretch__0_4-changepitchmedian_200__0-changesemitones_4.wav'
 'AI_goo-changeduration_Stretch__0_4-changepitchmedian_200__0-changesemitones_-8.wav'
 'AI_goo-changeduration_Stretch__0_4-changepitchmedian_200__0-changesemitones_-16.wav'
 'AI_goo-changeduration_Stretch__0_4-changepitchmedian_200__0-changesemitones_12.wav'
 'AI_goo-changeduration_Stretch__0_4-changepitchmedian_200__0.wav'
 'AI_goo-changeduration_Stretch__0_4-changepitchmedian_200__0-changesemitones_-4.wav']","['AI_goo-changeduration_Stretch__0_4-changepitchmedian_200__0-changesemitones_4.wav'
 'AI_goo-changeduration_Stretch__0_4-changepitchmedian_200__0-changesemitones_-8.wav'
 'AI_goo-changeduration_Stretch__0_4-changepitchmedian_200__0-changesemitones_-16.wav'
 'AI_goo-changeduration_Stretch__0_4-changepitchmedian_200__0.wav'
 'AI_goo-changeduration_Stretch__0_4-changepitchmedian_200__0-changesemitones_12.wav'
 'AI_goo-changeduration_Stretch__0_4-changepitchmedian_200__0-changesemitones_-4.wav']",3,fixed,
7,1680892482958,07/04/2023 18:34:42,1680892319820,-4,07/04/2023 14:31:59,127771,4,task-i24r,,28738470,BLIND,8554460,,complete,,,computer,Desktop or Laptop,Windows 10,Chrome 111.0.0.0,1920x1200,1920x1057,,Perceptual Organization Pilot - Audio,78,,,,,SD-AP,Practice Good,AB,Practice Bad,AB,V4-SD-Instruction,V4-SD-Instruction,4,3,1,Screen 1,advancementZone,continue_button,4889.5,,,,,0,1,0,,,,,,text,,,"<p style=""font-size: 32px;""> In the past example,  the 4th and 5th pitch were switched, so this was a 'different' trial. Let's listen again! </p>",,,,,,,,,,,,
8,1680892483062,07/04/2023 18:34:43,1680892319827,-4,07/04/2023 14:31:59,127771,4,task-i24r,,28738470,BLIND,8554460,,complete,,,computer,Desktop or Laptop,Windows 10,Chrome 111.0.0.0,1920x1200,1920x1057,,Perceptual Organization Pilot - Audio,78,,,,,SD-AP,Practice Good,AB,Practice Bad,AB,V4-SD-Instruction,V4-SD-Instruction,5,2,1,Screen 1,audio,content_web_audio,0.20000000298023224,,,AUDIO PLAY REQUESTED,1,0,1,0,,,,,,task-sd,Block_5_female_1speaker_diff_pitch_6_serial_3_stim1fixed_instruction.wav,different,,,### pitch,,,6,10,2000,"['AI_goo-changeduration_Stretch__0_4-changepitchmedian_200__0-changesemitones_4.wav'
 'AI_goo-changeduration_Stretch__0_4-changepitchmedian_200__0-changesemitones_-8.wav'
 'AI_goo-changeduration_Stretch__0_4-changepitchmedian_200__0-changesemitones_-16.wav'
 'AI_goo-changeduration_Stretch__0_4-changepitchmedian_200__0-changesemitones_12.wav'
 'AI_goo-changeduration_Stretch__0_4-changepitchmedian_200__0.wav'
 'AI_goo-changeduration_Stretch__0_4-changepitchmedian_200__0-changesemitones_-4.wav']","['AI_goo-changeduration_Stretch__0_4-changepitchmedian_200__0-changesemitones_4.wav'
 'AI_goo-changeduration_Stretch__0_4-changepitchmedian_200__0-changesemitones_-8.wav'
 'AI_goo-changeduration_Stretch__0_4-changepitchmedian_200__0-changesemitones_-16.wav'
 'AI_goo-changeduration_Stretch__0_4-changepitchmedian_200__0.wav'
 'AI_goo-changeduration_Stretch__0_4-changepitchmedian_200__0-changesemitones_12.wav'
 'AI_goo-changeduration_Stretch__0_4-changepitchmedian_200__0-changesemitones_-4.wav']",3,fixed,
9,1680892489861,07/04/2023 18:34:49,1680892326729,-4,07/04/2023 14:32:06,127771,4,task-i24r,,28738470,BLIND,8554460,,complete,,,computer,Desktop or Laptop,Windows 10,Chrome 111.0.0.0,1920x1200,1920x1057,,Perceptual Organization Pilot - Audio,78,,,,,SD-AP,Practice Good,AB,Practice Bad,AB,V4-SD-Instruction,V4-SD-Instruction,5,2,1,Screen 1,audio,content_web_audio,6901.70000000298,,,,,0,1,0,,,,,,task-sd,Block_5_female_1speaker_diff_pitch_6_serial_3_stim1fixed_instruction.wav,different,,,### pitch,,,6,10,2000,"['AI_goo-changeduration_Stretch__0_4-changepitchmedian_200__0-changesemitones_4.wav'
 'AI_goo-changeduration_Stretch__0_4-changepitchmedian_200__0-changesemitones_-8.wav'
 'AI_goo-changeduration_Stretch__0_4-changepitchmedian_200__0-changesemitones_-16.wav'
 'AI_goo-changeduration_Stretch__0_4-changepitchmedian_200__0-changesemitones_12.wav'
 'AI_goo-changeduration_Stretch__0_4-changepitchmedian_200__0.wav'
 'AI_goo-changeduration_Stretch__0_4-changepitchmedian_200__0-changesemitones_-4.wav']","['AI_goo-changeduration_Stretch__0_4-changepitchmedian_200__0-changesemitones_4.wav'
 'AI_goo-changeduration_Stretch__0_4-changepitchmedian_200__0-changesemitones_-8.wav'
 'AI_goo-changeduration_Stretch__0_4-changepitchmedian_200__0-changesemitones_-16.wav'
 'AI_goo-changeduration_Stretch__0_4-changepitchmedian_200__0.wav'
 'AI_goo-changeduration_Stretch__0_4-changepitchmedian_200__0-changesemitones_12.wav'
 'AI_goo-changeduration_Stretch__0_4-changepitchmedian_200__0-changesemitones_-4.wav']",3,fixed,
10,1680892491640,07/04/2023 18:34:51,1680892328516,-4,07/04/2023 14:32:08,127771,4,task-i24r,,28738470,BLIND,8554460,,complete,,,computer,Desktop or Laptop,Windows 10,Chrome 111.0.0.0,1920x1200,1920x1057,,Perceptual Organization Pilot - Audio,78,,,,,SD-AP,Practice Good,AB,Practice Bad,AB,V4-SD-Instruction,V4-SD-Instruction,5,2,2,Screen 2,buttonB,response_button_text,1768.5,,,different,1,1,0,0,,,,,,task-sd,Block_5_female_1speaker_diff_pitch_6_serial_3_stim1fixed_instruction.wav,different,,,### pitch,,,6,10,2000,"['AI_goo-changeduration_Stretch__0_4-changepitchmedian_200__0-changesemitones_4.wav'
 'AI_goo-changeduration_Stretch__0_4-changepitchmedian_200__0-changesemitones_-8.wav'
 'AI_goo-changeduration_Stretch__0_4-changepitchmedian_200__0-changesemitones_-16.wav'
 'AI_goo-changeduration_Stretch__0_4-changepitchmedian_200__0-changesemitones_12.wav'
 'AI_goo-changeduration_Stretch__0_4-changepitchmedian_200__0.wav'
 'AI_goo-changeduration_Stretch__0_4-changepitchmedian_200__0-changesemitones_-4.wav']","['AI_goo-changeduration_Stretch__0_4-changepitchmedian_200__0-changesemitones_4.wav'
 'AI_goo-changeduration_Stretch__0_4-changepitchmedian_200__0-changesemitones_-8.wav'
 'AI_goo-changeduration_Stretch__0_4-changepitchmedian_200__0-changesemitones_-16.wav'
 'AI_goo-changeduration_Stretch__0_4-changepitchmedian_200__0.wav'
 'AI_goo-changeduration_Stretch__0_4-changepitchmedian_200__0-changesemitones_12.wav'
 'AI_goo-changeduration_Stretch__0_4-changepitchmedian_200__0-changesemitones_-4.wav']",3,fixed,
11,1680892493197,07/04/2023 18:34:53,1680892330053,-4,07/04/2023 14:32:10,127771,4,task-i24r,,28738470,BLIND,8554460,,complete,,,computer,Desktop or Laptop,Windows 10,Chrome 111.0.0.0,1920x1200,1920x1057,,Perceptual Organization Pilot - Audio,78,,,,,SD-AP,Practice Good,AB,Practice Bad,AB,V4-SD-Instruction,V4-SD-Instruction,6,4,1,Screen 1,advancementZone,continue_button,1532.5,,,,,0,1,0,,,,,,text,,,"<p style=""font-size: 32px;""> Now try a few trials on your own.  </p>",,,,,,,,,,,,
12,1680892493317,07/04/2023 18:34:53,1680892330060,-4,07/04/2023 14:32:10,127771,4,task-i24r,,28738470,BLIND,8554460,,complete,,,computer,Desktop or Laptop,Windows 10,Chrome 111.0.0.0,1920x1200,1920x1057,,Perceptual Organization Pilot - Audio,78,,,,,SD-AP,Practice Good,AB,Practice Bad,AB,V4-SD-Instruction,V4-SD-Instruction,7,3,1,Screen 1,audio,content_web_audio,0.29999999701976776,,,AUDIO PLAY REQUESTED,1,0,1,0,,,,,,task-sd,Block_5_male_1speaker_same_pitch_6_serial_4_stim1fixed_instruction.wav,same,,,### pitch,,,6,10,2000,"['AP_ba-changeduration_Stretch__0_4-changepitchmedian_100__0-changesemitones_-12.wav'
 'AP_ba-changeduration_Stretch__0_4-changepitchmedian_100__0.wav'
 'AP_ba-changeduration_Stretch__0_4-changepitchmedian_100__0-changesemitones_8.wav'
 'AP_ba-changeduration_Stretch__0_4-changepitchmedian_100__0-changesemitones_-16.wav'
 'AP_ba-changeduration_Stretch__0_4-changepitchmedian_100__0-changesemitones_-8.wav'
 'AP_ba-changeduration_Stretch__0_4-changepitchmedian_100__0-changesemitones_4.wav']","['AP_ba-changeduration_Stretch__0_4-changepitchmedian_100__0-changesemitones_-12.wav'
 'AP_ba-changeduration_Stretch__0_4-changepitchmedian_100__0.wav'
 'AP_ba-changeduration_Stretch__0_4-changepitchmedian_100__0-changesemitones_8.wav'
 'AP_ba-changeduration_Stretch__0_4-changepitchmedian_100__0-changesemitones_-16.wav'
 'AP_ba-changeduration_Stretch__0_4-changepitchmedian_100__0-changesemitones_-8.wav'
 'AP_ba-changeduration_Stretch__0_4-changepitchmedian_100__0-changesemitones_4.wav']",,fixed,
13,1680892500096,07/04/2023 18:35:00,1680892336961,-4,07/04/2023 14:32:16,127771,4,task-i24r,,28738470,BLIND,8554460,,complete,,,computer,Desktop or Laptop,Windows 10,Chrome 111.0.0.0,1920x1200,1920x1057,,Perceptual Organization Pilot - Audio,78,,,,,SD-AP,Practice Good,AB,Practice Bad,AB,V4-SD-Instruction,V4-SD-Instruction,7,3,1,Screen 1,audio,content_web_audio,6901.0999999940395,,,,,0,1,0,,,,,,task-sd,Block_5_male_1speaker_same_pitch_6_serial_4_stim1fixed_instruction.wav,same,,,### pitch,,,6,10,2000,"['AP_ba-changeduration_Stretch__0_4-changepitchmedian_100__0-changesemitones_-12.wav'
 'AP_ba-changeduration_Stretch__0_4-changepitchmedian_100__0.wav'
 'AP_ba-changeduration_Stretch__0_4-changepitchmedian_100__0-changesemitones_8.wav'
 'AP_ba-changeduration_Stretch__0_4-changepitchmedian_100__0-changesemitones_-16.wav'
 'AP_ba-changeduration_Stretch__0_4-changepitchmedian_100__0-changesemitones_-8.wav'
 'AP_ba-changeduration_Stretch__0_4-changepitchmedian_100__0-changesemitones_4.wav']","['AP_ba-changeduration_Stretch__0_4-changepitchmedian_100__0-changesemitones_-12.wav'
 'AP_ba-changeduration_Stretch__0_4-changepitchmedian_100__0.wav'
 'AP_ba-changeduration_Stretch__0_4-changepitchmedian_100__0-changesemitones_8.wav'
 'AP_ba-changeduration_Stretch__0_4-changepitchmedian_100__0-changesemitones_-16.wav'
 'AP_ba-changeduration_Stretch__0_4-changepitchmedian_100__0-changesemitones_-8.wav'
 'AP_ba-changeduration_Stretch__0_4-changepitchmedian_100__0-changesemitones_4.wav']",,fixed,
14,1680892502015,07/04/2023 18:35:02,1680892338884,-4,07/04/2023 14:32:18,127771,4,task-i24r,,28738470,BLIND,8554460,,complete,,,computer,Desktop or Laptop,Windows 10,Chrome 111.0.0.0,1920x1200,1920x1057,,Perceptual Organization Pilot - Audio,78,,,,,SD-AP,Practice Good,AB,Practice Bad,AB,V4-SD-Instruction,V4-SD-Instruction,7,3,2,Screen 2,buttonB,response_button_text,1905.2000000029802,,,different,1,0,1,0,,,,,,task-sd,Block_5_male_1speaker_same_pitch_6_serial_4_stim1fixed_instruction.wav,same,,,### pitch,,,6,10,2000,"['AP_ba-changeduration_Stretch__0_4-changepitchmedian_100__0-changesemitones_-12.wav'
 'AP_ba-changeduration_Stretch__0_4-changepitchmedian_100__0.wav'
 'AP_ba-changeduration_Stretch__0_4-changepitchmedian_100__0-changesemitones_8.wav'
 'AP_ba-changeduration_Stretch__0_4-changepitchmedian_100__0-changesemitones_-16.wav'
 'AP_ba-changeduration_Stretch__0_4-changepitchmedian_100__0-changesemitones_-8.wav'
 'AP_ba-changeduration_Stretch__0_4-changepitchmedian_100__0-changesemitones_4.wav']","['AP_ba-changeduration_Stretch__0_4-changepitchmedian_100__0-changesemitones_-12.wav'
 'AP_ba-changeduration_Stretch__0_4-changepitchmedian_100__0.wav'
 'AP_ba-changeduration_Stretch__0_4-changepitchmedian_100__0-changesemitones_8.wav'
 'AP_ba-changeduration_Stretch__0_4-changepitchmedian_100__0-changesemitones_-16.wav'
 'AP_ba-changeduration_Stretch__0_4-changepitchmedian_100__0-changesemitones_-8.wav'
 'AP_ba-changeduration_Stretch__0_4-changepitchmedian_100__0-changesemitones_4.wav']",,fixed,
15,1680892503394,07/04/2023 18:35:03,1680892340268,-4,07/04/2023 14:32:20,127771,4,task-i24r,,28738470,BLIND,8554460,,complete,,,computer,Desktop or Laptop,Windows 10,Chrome 111.0.0.0,1920x1200,1920x1057,,Perceptual Organization Pilot - Audio,78,,,,,SD-AP,Practice Good,AB,Practice Bad,AB,V4-SD-Instruction,V4-SD-Instruction,8,5,1,Screen 1,advancementZone,continue_button,1378.9000000059605,,,,,0,1,0,,,,,,text,,,"<p style=""font-size: 32px;""> The previous example was 'same' </p>",,,,,,,,,,,,
16,1680892503508,07/04/2023 18:35:03,1680892340273,-4,07/04/2023 14:32:20,127771,4,task-i24r,,28738470,BLIND,8554460,,complete,,,computer,Desktop or Laptop,Windows 10,Chrome 111.0.0.0,1920x1200,1920x1057,,Perceptual Organization Pilot - Audio,78,,,,,SD-AP,Practice Good,AB,Practice Bad,AB,V4-SD-Instruction,V4-SD-Instruction,9,4,1,Screen 1,audio,content_web_audio,0.29999999701976776,,,AUDIO PLAY REQUESTED,1,0,1,0,,,,,,task-sd,Block_5_female_1speaker_same_pitch_6_serial_1_stim1rand_instruction.wav,same,,,### pitch,,,6,10,2000,"['AI_ga-changeduration_Stretch__0_4-changepitchmedian_200__0-changesemitones_-8.wav'
 'AI_ba-changeduration_Stretch__0_4-changepitchmedian_200__0-changesemitones_-12.wav'
 'AI_boo-changeduration_Stretch__0_4-changepitchmedian_200__0-changesemitones_8.wav'
 'AI_bee-changeduration_Stretch__0_4-changepitchmedian_200__0-changesemitones_4.wav'
 'AI_gee-changeduration_Stretch__0_4-changepitchmedian_200__0.wav'
 'AI_doo-changeduration_Stretch__0_4-changepitchmedian_200__0-changesemitones_12.wav']","['AI_dee-changeduration_Stretch__0_4-changepitchmedian_200__0-changesemitones_-8.wav'
 'AI_da-changeduration_Stretch__0_4-changepitchmedian_200__0-changesemitones_-12.wav'
 'AI_doo-changeduration_Stretch__0_4-changepitchmedian_200__0-changesemitones_8.wav'
 'AI_boo-changeduration_Stretch__0_4-changepitchmedian_200__0-changesemitones_4.wav'
 'AI_ba-changeduration_Stretch__0_4-changepitchmedian_200__0.wav'
 'AI_ga-changeduration_Stretch__0_4-changepitchmedian_200__0-changesemitones_12.wav']",,rand,
17,1680892510305,07/04/2023 18:35:10,1680892347174,-4,07/04/2023 14:32:27,127771,4,task-i24r,,28738470,BLIND,8554460,,complete,,,computer,Desktop or Laptop,Windows 10,Chrome 111.0.0.0,1920x1200,1920x1057,,Perceptual Organization Pilot - Audio,78,,,,,SD-AP,Practice Good,AB,Practice Bad,AB,V4-SD-Instruction,V4-SD-Instruction,9,4,1,Screen 1,audio,content_web_audio,6900.5,,,,,0,1,0,,,,,,task-sd,Block_5_female_1speaker_same_pitch_6_serial_1_stim1rand_instruction.wav,same,,,### pitch,,,6,10,2000,"['AI_ga-changeduration_Stretch__0_4-changepitchmedian_200__0-changesemitones_-8.wav'
 'AI_ba-changeduration_Stretch__0_4-changepitchmedian_200__0-changesemitones_-12.wav'
 'AI_boo-changeduration_Stretch__0_4-changepitchmedian_200__0-changesemitones_8.wav'
 'AI_bee-changeduration_Stretch__0_4-changepitchmedian_200__0-changesemitones_4.wav'
 'AI_gee-changeduration_Stretch__0_4-changepitchmedian_200__0.wav'
 'AI_doo-changeduration_Stretch__0_4-changepitchmedian_200__0-changesemitones_12.wav']","['AI_dee-changeduration_Stretch__0_4-changepitchmedian_200__0-changesemitones_-8.wav'
 'AI_da-changeduration_Stretch__0_4-changepitchmedian_200__0-changesemitones_-12.wav'
 'AI_doo-changeduration_Stretch__0_4-changepitchmedian_200__0-changesemitones_8.wav'
 'AI_boo-changeduration_Stretch__0_4-changepitchmedian_200__0-changesemitones_4.wav'
 'AI_ba-changeduration_Stretch__0_4-changepitchmedian_200__0.wav'
 'AI_ga-changeduration_Stretch__0_4-changepitchmedian_200__0-changesemitones_12.wav']",,rand,
18,1680892514307,07/04/2023 18:35:14,1680892351181,-4,07/04/2023 14:32:31,127771,4,task-i24r,,28738470,BLIND,8554460,,complete,,,computer,Desktop or Laptop,Windows 10,Chrome 111.0.0.0,1920x1200,1920x1057,,Perceptual Organization Pilot - Audio,78,,,,,SD-AP,Practice Good,AB,Practice Bad,AB,V4-SD-Instruction,V4-SD-Instruction,9,4,2,Screen 2,buttonA,response_button_text,3998.7999999970198,,,same,1,1,0,0,,,,,,task-sd,Block_5_female_1speaker_same_pitch_6_serial_1_stim1rand_instruction.wav,same,,,### pitch,,,6,10,2000,"['AI_ga-changeduration_Stretch__0_4-changepitchmedian_200__0-changesemitones_-8.wav'
 'AI_ba-changeduration_Stretch__0_4-changepitchmedian_200__0-changesemitones_-12.wav'
 'AI_boo-changeduration_Stretch__0_4-changepitchmedian_200__0-changesemitones_8.wav'
 'AI_bee-changeduration_Stretch__0_4-changepitchmedian_200__0-changesemitones_4.wav'
 'AI_gee-changeduration_Stretch__0_4-changepitchmedian_200__0.wav'
 'AI_doo-changeduration_Stretch__0_4-changepitchmedian_200__0-changesemitones_12.wav']","['AI_dee-changeduration_Stretch__0_4-changepitchmedian_200__0-changesemitones_-8.wav'
 'AI_da-changeduration_Stretch__0_4-changepitchmedian_200__0-changesemitones_-12.wav'
 'AI_doo-changeduration_Stretch__0_4-changepitchmedian_200__0-changesemitones_8.wav'
 'AI_boo-changeduration_Stretch__0_4-changepitchmedian_200__0-changesemitones_4.wav'
 'AI_ba-changeduration_Stretch__0_4-changepitchmedian_200__0.wav'
 'AI_ga-changeduration_Stretch__0_4-changepitchmedian_200__0-changesemitones_12.wav']",,rand,
19,1680892515475,07/04/2023 18:35:15,1680892352348,-4,07/04/2023 14:32:32,127771,4,task-i24r,,28738470,BLIND,8554460,,complete,,,computer,Desktop or Laptop,Windows 10,Chrome 111.0.0.0,1920x1200,1920x1057,,Perceptual Organization Pilot - Audio,78,,,,,SD-AP,Practice Good,AB,Practice Bad,AB,V4-SD-Instruction,V4-SD-Instruction,10,6,1,Screen 1,advancementZone,continue_button,1162.5,,,,,0,1,0,,,,,,text,,,"<p style=""font-size: 32px;""> The previous example was 'same' </p>",,,,,,,,,,,,
20,1680892515582,07/04/2023 18:35:15,1680892352352,-4,07/04/2023 14:32:32,127771,4,task-i24r,,28738470,BLIND,8554460,,complete,,,computer,Desktop or Laptop,Windows 10,Chrome 111.0.0.0,1920x1200,1920x1057,,Perceptual Organization Pilot - Audio,78,,,,,SD-AP,Practice Good,AB,Practice Bad,AB,V4-SD-Instruction,V4-SD-Instruction,11,5,1,Screen 1,audio,content_web_audio,0.19999998807907104,,,AUDIO PLAY REQUESTED,1,0,1,0,,,,,,task-sd,Block_5_male_1speaker_diff_pitch_6_serial_1_stim1rand_instruction.wav,different,,,### pitch,,,6,10,2000,"['AP_goo-changeduration_Stretch__0_4-changepitchmedian_100__0-changesemitones_-16.wav'
 'AP_ba-changeduration_Stretch__0_4-changepitchmedian_100__0-changesemitones_4.wav'
 'AP_ga-changeduration_Stretch__0_4-changepitchmedian_100__0.wav'
 'AP_gee-changeduration_Stretch__0_4-changepitchmedian_100__0-changesemitones_16.wav'
 'AP_da-changeduration_Stretch__0_4-changepitchmedian_100__0-changesemitones_12.wav'
 'AP_doo-changeduration_Stretch__0_4-changepitchmedian_100__0-changesemitones_-4.wav']","['AP_da-changeduration_Stretch__0_4-changepitchmedian_100__0-changesemitones_-16.wav'
 'AP_bee-changeduration_Stretch__0_4-changepitchmedian_100__0.wav'
 'AP_goo-changeduration_Stretch__0_4-changepitchmedian_100__0-changesemitones_4.wav'
 'AP_ba-changeduration_Stretch__0_4-changepitchmedian_100__0-changesemitones_16.wav'
 'AP_gee-changeduration_Stretch__0_4-changepitchmedian_100__0-changesemitones_12.wav'
 'AP_dee-changeduration_Stretch__0_4-changepitchmedian_100__0-changesemitones_-4.wav']",1,rand,
21,1680892522448,07/04/2023 18:35:22,1680892359325,-4,07/04/2023 14:32:39,127771,4,task-i24r,,28738470,BLIND,8554460,,complete,,,computer,Desktop or Laptop,Windows 10,Chrome 111.0.0.0,1920x1200,1920x1057,,Perceptual Organization Pilot - Audio,78,,,,,SD-AP,Practice Good,AB,Practice Bad,AB,V4-SD-Instruction,V4-SD-Instruction,11,5,1,Screen 1,audio,content_web_audio,6972.5,,,,,0,1,0,,,,,,task-sd,Block_5_male_1speaker_diff_pitch_6_serial_1_stim1rand_instruction.wav,different,,,### pitch,,,6,10,2000,"['AP_goo-changeduration_Stretch__0_4-changepitchmedian_100__0-changesemitones_-16.wav'
 'AP_ba-changeduration_Stretch__0_4-changepitchmedian_100__0-changesemitones_4.wav'
 'AP_ga-changeduration_Stretch__0_4-changepitchmedian_100__0.wav'
 'AP_gee-changeduration_Stretch__0_4-changepitchmedian_100__0-changesemitones_16.wav'
 'AP_da-changeduration_Stretch__0_4-changepitchmedian_100__0-changesemitones_12.wav'
 'AP_doo-changeduration_Stretch__0_4-changepitchmedian_100__0-changesemitones_-4.wav']","['AP_da-changeduration_Stretch__0_4-changepitchmedian_100__0-changesemitones_-16.wav'
 'AP_bee-changeduration_Stretch__0_4-changepitchmedian_100__0.wav'
 'AP_goo-changeduration_Stretch__0_4-changepitchmedian_100__0-changesemitones_4.wav'
 'AP_ba-changeduration_Stretch__0_4-changepitchmedian_100__0-changesemitones_16.wav'
 'AP_gee-changeduration_Stretch__0_4-changepitchmedian_100__0-changesemitones_12.wav'
 'AP_dee-changeduration_Stretch__0_4-changepitchmedian_100__0-changesemitones_-4.wav']",1,rand,
22,1680892523475,07/04/2023 18:35:23,1680892360348,-4,07/04/2023 14:32:40,127771,4,task-i24r,,28738470,BLIND,8554460,,complete,,,computer,Desktop or Laptop,Windows 10,Chrome 111.0.0.0,1920x1200,1920x1057,,Perceptual Organization Pilot - Audio,78,,,,,SD-AP,Practice Good,AB,Practice Bad,AB,V4-SD-Instruction,V4-SD-Instruction,11,5,2,Screen 2,buttonA,response_button_text,1015,,,same,1,0,1,0,,,,,,task-sd,Block_5_male_1speaker_diff_pitch_6_serial_1_stim1rand_instruction.wav,different,,,### pitch,,,6,10,2000,"['AP_goo-changeduration_Stretch__0_4-changepitchmedian_100__0-changesemitones_-16.wav'
 'AP_ba-changeduration_Stretch__0_4-changepitchmedian_100__0-changesemitones_4.wav'
 'AP_ga-changeduration_Stretch__0_4-changepitchmedian_100__0.wav'
 'AP_gee-changeduration_Stretch__0_4-changepitchmedian_100__0-changesemitones_16.wav'
 'AP_da-changeduration_Stretch__0_4-changepitchmedian_100__0-changesemitones_12.wav'
 'AP_doo-changeduration_Stretch__0_4-changepitchmedian_100__0-changesemitones_-4.wav']","['AP_da-changeduration_Stretch__0_4-changepitchmedian_100__0-changesemitones_-16.wav'
 'AP_bee-changeduration_Stretch__0_4-changepitchmedian_100__0.wav'
 'AP_goo-changeduration_Stretch__0_4-changepitchmedian_100__0-changesemitones_4.wav'
 'AP_ba-changeduration_Stretch__0_4-changepitchmedian_100__0-changesemitones_16.wav'
 'AP_gee-changeduration_Stretch__0_4-changepitchmedian_100__0-changesemitones_12.wav'
 'AP_dee-changeduration_Stretch__0_4-changepitchmedian_100__0-changesemitones_-4.wav']",1,rand,
23,1680892524636,07/04/2023 18:35:24,1680892361509,-4,07/04/2023 14:32:41,127771,4,task-i24r,,28738470,BLIND,8554460,,complete,,,computer,Desktop or Laptop,Windows 10,Chrome 111.0.0.0,1920x1200,1920x1057,,Perceptual Organization Pilot - Audio,78,,,,,SD-AP,Practice Good,AB,Practice Bad,AB,V4-SD-Instruction,V4-SD-Instruction,12,7,1,Screen 1,advancementZone,continue_button,1155.5,,,,,0,1,0,,,,,,text,,,"<p style=""font-size: 32px;""> The previous example was 'differnet'. </p>",,,,,,,,,,,,
24,1680892528198,07/04/2023 18:35:28,1680892365076,-4,07/04/2023 14:32:45,127771,4,task-i24r,,28738470,BLIND,8554460,,complete,,,computer,Desktop or Laptop,Windows 10,Chrome 111.0.0.0,1920x1200,1920x1057,,Perceptual Organization Pilot - Audio,78,,,,,SD-AP,Practice Good,AB,Practice Bad,AB,V4-SD-Instruction,V4-SD-Instruction,13,8,1,Screen 1,advancementZone,continue_button,3562.2999999970198,,,,,0,1,0,,,,,,text,,,"<p style=""font-size: 32px;""> In this final practice example, listen to the syllables(word) of the sequences and reply if the order is the 'same' or 'different'.</p>",,,,,,,,,,,,
25,1680892528473,07/04/2023 18:35:28,1680892365082,-4,07/04/2023 14:32:45,127771,4,task-i24r,,28738470,BLIND,8554460,,complete,,,computer,Desktop or Laptop,Windows 10,Chrome 111.0.0.0,1920x1200,1920x1057,,Perceptual Organization Pilot - Audio,78,,,,,SD-AP,Practice Good,AB,Practice Bad,AB,V4-SD-Instruction,V4-SD-Instruction,14,6,1,Screen 1,audio,content_web_audio,0.09999999403953552,,,AUDIO PLAY REQUESTED,1,0,1,0,,,,,,task-sd,Block_5_female_1speaker_diff_word_6_serial_3_stim1fixed_instruction.wav,different,,,### word,,,6,10,2000,"['AI_ba-changeduration_Stretch__0_4-changepitchmedian_200__0-changesemitones_16.wav'
 'AI_gee-changeduration_Stretch__0_4-changepitchmedian_200__0-changesemitones_16.wav'
 'AI_dee-changeduration_Stretch__0_4-changepitchmedian_200__0-changesemitones_16.wav'
 'AI_boo-changeduration_Stretch__0_4-changepitchmedian_200__0-changesemitones_16.wav'
 'AI_bee-changeduration_Stretch__0_4-changepitchmedian_200__0-changesemitones_16.wav'
 'AI_goo-changeduration_Stretch__0_4-changepitchmedian_200__0-changesemitones_16.wav']","['AI_ba-changeduration_Stretch__0_4-changepitchmedian_200__0-changesemitones_16.wav'
 'AI_gee-changeduration_Stretch__0_4-changepitchmedian_200__0-changesemitones_16.wav'
 'AI_dee-changeduration_Stretch__0_4-changepitchmedian_200__0-changesemitones_16.wav'
 'AI_bee-changeduration_Stretch__0_4-changepitchmedian_200__0-changesemitones_16.wav'
 'AI_boo-changeduration_Stretch__0_4-changepitchmedian_200__0-changesemitones_16.wav'
 'AI_goo-changeduration_Stretch__0_4-changepitchmedian_200__0-changesemitones_16.wav']",3,fixed,
26,1680892535117,07/04/2023 18:35:35,1680892371984,-4,07/04/2023 14:32:51,127771,4,task-i24r,,28738470,BLIND,8554460,,complete,,,computer,Desktop or Laptop,Windows 10,Chrome 111.0.0.0,1920x1200,1920x1057,,Perceptual Organization Pilot - Audio,78,,,,,SD-AP,Practice Good,AB,Practice Bad,AB,V4-SD-Instruction,V4-SD-Instruction,14,6,1,Screen 1,audio,content_web_audio,6901.399999991059,,,,,0,1,0,,,,,,task-sd,Block_5_female_1speaker_diff_word_6_serial_3_stim1fixed_instruction.wav,different,,,### word,,,6,10,2000,"['AI_ba-changeduration_Stretch__0_4-changepitchmedian_200__0-changesemitones_16.wav'
 'AI_gee-changeduration_Stretch__0_4-changepitchmedian_200__0-changesemitones_16.wav'
 'AI_dee-changeduration_Stretch__0_4-changepitchmedian_200__0-changesemitones_16.wav'
 'AI_boo-changeduration_Stretch__0_4-changepitchmedian_200__0-changesemitones_16.wav'
 'AI_bee-changeduration_Stretch__0_4-changepitchmedian_200__0-changesemitones_16.wav'
 'AI_goo-changeduration_Stretch__0_4-changepitchmedian_200__0-changesemitones_16.wav']","['AI_ba-changeduration_Stretch__0_4-changepitchmedian_200__0-changesemitones_16.wav'
 'AI_gee-changeduration_Stretch__0_4-changepitchmedian_200__0-changesemitones_16.wav'
 'AI_dee-changeduration_Stretch__0_4-changepitchmedian_200__0-changesemitones_16.wav'
 'AI_bee-changeduration_Stretch__0_4-changepitchmedian_200__0-changesemitones_16.wav'
 'AI_boo-changeduration_Stretch__0_4-changepitchmedian_200__0-changesemitones_16.wav'
 'AI_goo-changeduration_Stretch__0_4-changepitchmedian_200__0-changesemitones_16.wav']",3,fixed,
27,1680892536082,07/04/2023 18:35:36,1680892372956,-4,07/04/2023 14:32:52,127771,4,task-i24r,,28738470,BLIND,8554460,,complete,,,computer,Desktop or Laptop,Windows 10,Chrome 111.0.0.0,1920x1200,1920x1057,,Perceptual Organization Pilot - Audio,78,,,,,SD-AP,Practice Good,AB,Practice Bad,AB,V4-SD-Instruction,V4-SD-Instruction,14,6,2,Screen 2,buttonB,response_button_text,955,,,different,1,1,0,0,,,,,,task-sd,Block_5_female_1speaker_diff_word_6_serial_3_stim1fixed_instruction.wav,different,,,### word,,,6,10,2000,"['AI_ba-changeduration_Stretch__0_4-changepitchmedian_200__0-changesemitones_16.wav'
 'AI_gee-changeduration_Stretch__0_4-changepitchmedian_200__0-changesemitones_16.wav'
 'AI_dee-changeduration_Stretch__0_4-changepitchmedian_200__0-changesemitones_16.wav'
 'AI_boo-changeduration_Stretch__0_4-changepitchmedian_200__0-changesemitones_16.wav'
 'AI_bee-changeduration_Stretch__0_4-changepitchmedian_200__0-changesemitones_16.wav'
 'AI_goo-changeduration_Stretch__0_4-changepitchmedian_200__0-changesemitones_16.wav']","['AI_ba-changeduration_Stretch__0_4-changepitchmedian_200__0-changesemitones_16.wav'
 'AI_gee-changeduration_Stretch__0_4-changepitchmedian_200__0-changesemitones_16.wav'
 'AI_dee-changeduration_Stretch__0_4-changepitchmedian_200__0-changesemitones_16.wav'
 'AI_bee-changeduration_Stretch__0_4-changepitchmedian_200__0-changesemitones_16.wav'
 'AI_boo-changeduration_Stretch__0_4-changepitchmedian_200__0-changesemitones_16.wav'
 'AI_goo-changeduration_Stretch__0_4-changepitchmedian_200__0-changesemitones_16.wav']",3,fixed,
28,1680892540889,07/04/2023 18:35:40,1680892377764,-4,07/04/2023 14:32:57,127771,4,task-i24r,,28738470,BLIND,8554460,,complete,,,computer,Desktop or Laptop,Windows 10,Chrome 111.0.0.0,1920x1200,1920x1057,,Perceptual Organization Pilot - Audio,78,,,,,SD-AP,Practice Good,AB,Practice Bad,AB,V4-SD-Instruction,V4-SD-Instruction,15,9,1,Screen 1,advancementZone,continue_button,4803.600000008941,,,,,0,1,0,,,,,,text,,,"<p style=""font-size: 32px;""> In the past example, the pitch of the 4th and 5th syllable was were switched, so this was a 'different' trial. Let's listen again! </p> ",,,,,,,,,,,,
29,1680892541017,07/04/2023 18:35:41,1680892377771,-4,07/04/2023 14:32:57,127771,4,task-i24r,,28738470,BLIND,8554460,,complete,,,computer,Desktop or Laptop,Windows 10,Chrome 111.0.0.0,1920x1200,1920x1057,,Perceptual Organization Pilot - Audio,78,,,,,SD-AP,Practice Good,AB,Practice Bad,AB,V4-SD-Instruction,V4-SD-Instruction,16,7,1,Screen 1,audio,content_web_audio,0.29999999701976776,,,AUDIO PLAY REQUESTED,1,0,1,0,,,,,,task-sd,Block_5_female_1speaker_diff_word_6_serial_3_stim1fixed_instruction.wav,different,,,### word,,,6,10,2000,"['AI_ba-changeduration_Stretch__0_4-changepitchmedian_200__0-changesemitones_16.wav'
 'AI_gee-changeduration_Stretch__0_4-changepitchmedian_200__0-changesemitones_16.wav'
 'AI_dee-changeduration_Stretch__0_4-changepitchmedian_200__0-changesemitones_16.wav'
 'AI_boo-changeduration_Stretch__0_4-changepitchmedian_200__0-changesemitones_16.wav'
 'AI_bee-changeduration_Stretch__0_4-changepitchmedian_200__0-changesemitones_16.wav'
 'AI_goo-changeduration_Stretch__0_4-changepitchmedian_200__0-changesemitones_16.wav']","['AI_ba-changeduration_Stretch__0_4-changepitchmedian_200__0-changesemitones_16.wav'
 'AI_gee-changeduration_Stretch__0_4-changepitchmedian_200__0-changesemitones_16.wav'
 'AI_dee-changeduration_Stretch__0_4-changepitchmedian_200__0-changesemitones_16.wav'
 'AI_bee-changeduration_Stretch__0_4-changepitchmedian_200__0-changesemitones_16.wav'
 'AI_boo-changeduration_Stretch__0_4-changepitchmedian_200__0-changesemitones_16.wav'
 'AI_goo-changeduration_Stretch__0_4-changepitchmedian_200__0-changesemitones_16.wav']",3,fixed,
30,1680892547793,07/04/2023 18:35:47,1680892384671,-4,07/04/2023 14:33:04,127771,4,task-i24r,,28738470,BLIND,8554460,,complete,,,computer,Desktop or Laptop,Windows 10,Chrome 111.0.0.0,1920x1200,1920x1057,,Perceptual Organization Pilot - Audio,78,,,,,SD-AP,Practice Good,AB,Practice Bad,AB,V4-SD-Instruction,V4-SD-Instruction,16,7,1,Screen 1,audio,content_web_audio,6900.29999999702,,,,,0,1,0,,,,,,task-sd,Block_5_female_1speaker_diff_word_6_serial_3_stim1fixed_instruction.wav,different,,,### word,,,6,10,2000,"['AI_ba-changeduration_Stretch__0_4-changepitchmedian_200__0-changesemitones_16.wav'
 'AI_gee-changeduration_Stretch__0_4-changepitchmedian_200__0-changesemitones_16.wav'
 'AI_dee-changeduration_Stretch__0_4-changepitchmedian_200__0-changesemitones_16.wav'
 'AI_boo-changeduration_Stretch__0_4-changepitchmedian_200__0-changesemitones_16.wav'
 'AI_bee-changeduration_Stretch__0_4-changepitchmedian_200__0-changesemitones_16.wav'
 'AI_goo-changeduration_Stretch__0_4-changepitchmedian_200__0-changesemitones_16.wav']","['AI_ba-changeduration_Stretch__0_4-changepitchmedian_200__0-changesemitones_16.wav'
 'AI_gee-changeduration_Stretch__0_4-changepitchmedian_200__0-changesemitones_16.wav'
 'AI_dee-changeduration_Stretch__0_4-changepitchmedian_200__0-changesemitones_16.wav'
 'AI_bee-changeduration_Stretch__0_4-changepitchmedian_200__0-changesemitones_16.wav'
 'AI_boo-changeduration_Stretch__0_4-changepitchmedian_200__0-changesemitones_16.wav'
 'AI_goo-changeduration_Stretch__0_4-changepitchmedian_200__0-changesemitones_16.wav']",3,fixed,
31,1680892550557,07/04/2023 18:35:50,1680892387284,-4,07/04/2023 14:33:07,127771,4,task-i24r,,28738470,BLIND,8554460,,complete,,,computer,Desktop or Laptop,Windows 10,Chrome 111.0.0.0,1920x1200,1920x1057,,Perceptual Organization Pilot - Audio,78,,,,,SD-AP,Practice Good,AB,Practice Bad,AB,V4-SD-Instruction,V4-SD-Instruction,16,7,2,Screen 2,buttonB,response_button_text,2608.7000000029802,,,different,1,1,0,0,,,,,,task-sd,Block_5_female_1speaker_diff_word_6_serial_3_stim1fixed_instruction.wav,different,,,### word,,,6,10,2000,"['AI_ba-changeduration_Stretch__0_4-changepitchmedian_200__0-changesemitones_16.wav'
 'AI_gee-changeduration_Stretch__0_4-changepitchmedian_200__0-changesemitones_16.wav'
 'AI_dee-changeduration_Stretch__0_4-changepitchmedian_200__0-changesemitones_16.wav'
 'AI_boo-changeduration_Stretch__0_4-changepitchmedian_200__0-changesemitones_16.wav'
 'AI_bee-changeduration_Stretch__0_4-changepitchmedian_200__0-changesemitones_16.wav'
 'AI_goo-changeduration_Stretch__0_4-changepitchmedian_200__0-changesemitones_16.wav']","['AI_ba-changeduration_Stretch__0_4-changepitchmedian_200__0-changesemitones_16.wav'
 'AI_gee-changeduration_Stretch__0_4-changepitchmedian_200__0-changesemitones_16.wav'
 'AI_dee-changeduration_Stretch__0_4-changepitchmedian_200__0-changesemitones_16.wav'
 'AI_bee-changeduration_Stretch__0_4-changepitchmedian_200__0-changesemitones_16.wav'
 'AI_boo-changeduration_Stretch__0_4-changepitchmedian_200__0-changesemitones_16.wav'
 'AI_goo-changeduration_Stretch__0_4-changepitchmedian_200__0-changesemitones_16.wav']",3,fixed,
32,1680892551481,07/04/2023 18:35:51,1680892388356,-4,07/04/2023 14:33:08,127771,4,task-i24r,,28738470,BLIND,8554460,,complete,,,computer,Desktop or Laptop,Windows 10,Chrome 111.0.0.0,1920x1200,1920x1057,,Perceptual Organization Pilot - Audio,78,,,,,SD-AP,Practice Good,AB,Practice Bad,AB,V4-SD-Instruction,V4-SD-Instruction,17,10,1,Screen 1,advancementZone,continue_button,1066.7000000029802,,,,,0,1,0,,,,,,text,,,"<p style=""font-size: 32px;""> Now try a few trials on your own.  </p>",,,,,,,,,,,,
33,1680892551595,07/04/2023 18:35:51,1680892388363,-4,07/04/2023 14:33:08,127771,4,task-i24r,,28738470,BLIND,8554460,,complete,,,computer,Desktop or Laptop,Windows 10,Chrome 111.0.0.0,1920x1200,1920x1057,,Perceptual Organization Pilot - Audio,78,,,,,SD-AP,Practice Good,AB,Practice Bad,AB,V4-SD-Instruction,V4-SD-Instruction,18,8,1,Screen 1,audio,content_web_audio,0.29999999701976776,,,AUDIO PLAY REQUESTED,1,0,1,0,,,,,,task-sd,Block_5_male_1speaker_same_word_6_serial_4_stim1fixed_instruction.wav,same,,,### word,,,6,10,2000,"['AP_da-changeduration_Stretch__0_4-changepitchmedian_100__0-changesemitones_12.wav'
 'AP_boo-changeduration_Stretch__0_4-changepitchmedian_100__0-changesemitones_12.wav'
 'AP_dee-changeduration_Stretch__0_4-changepitchmedian_100__0-changesemitones_12.wav'
 'AP_doo-changeduration_Stretch__0_4-changepitchmedian_100__0-changesemitones_12.wav'
 'AP_bee-changeduration_Stretch__0_4-changepitchmedian_100__0-changesemitones_12.wav'
 'AP_ga-changeduration_Stretch__0_4-changepitchmedian_100__0-changesemitones_12.wav']","['AP_da-changeduration_Stretch__0_4-changepitchmedian_100__0-changesemitones_12.wav'
 'AP_boo-changeduration_Stretch__0_4-changepitchmedian_100__0-changesemitones_12.wav'
 'AP_dee-changeduration_Stretch__0_4-changepitchmedian_100__0-changesemitones_12.wav'
 'AP_doo-changeduration_Stretch__0_4-changepitchmedian_100__0-changesemitones_12.wav'
 'AP_bee-changeduration_Stretch__0_4-changepitchmedian_100__0-changesemitones_12.wav'
 'AP_ga-changeduration_Stretch__0_4-changepitchmedian_100__0-changesemitones_12.wav']",,fixed,
34,1680892558394,07/04/2023 18:35:58,1680892395264,-4,07/04/2023 14:33:15,127771,4,task-i24r,,28738470,BLIND,8554460,,complete,,,computer,Desktop or Laptop,Windows 10,Chrome 111.0.0.0,1920x1200,1920x1057,,Perceptual Organization Pilot - Audio,78,,,,,SD-AP,Practice Good,AB,Practice Bad,AB,V4-SD-Instruction,V4-SD-Instruction,18,8,1,Screen 1,audio,content_web_audio,6901.100000008941,,,,,0,1,0,,,,,,task-sd,Block_5_male_1speaker_same_word_6_serial_4_stim1fixed_instruction.wav,same,,,### word,,,6,10,2000,"['AP_da-changeduration_Stretch__0_4-changepitchmedian_100__0-changesemitones_12.wav'
 'AP_boo-changeduration_Stretch__0_4-changepitchmedian_100__0-changesemitones_12.wav'
 'AP_dee-changeduration_Stretch__0_4-changepitchmedian_100__0-changesemitones_12.wav'
 'AP_doo-changeduration_Stretch__0_4-changepitchmedian_100__0-changesemitones_12.wav'
 'AP_bee-changeduration_Stretch__0_4-changepitchmedian_100__0-changesemitones_12.wav'
 'AP_ga-changeduration_Stretch__0_4-changepitchmedian_100__0-changesemitones_12.wav']","['AP_da-changeduration_Stretch__0_4-changepitchmedian_100__0-changesemitones_12.wav'
 'AP_boo-changeduration_Stretch__0_4-changepitchmedian_100__0-changesemitones_12.wav'
 'AP_dee-changeduration_Stretch__0_4-changepitchmedian_100__0-changesemitones_12.wav'
 'AP_doo-changeduration_Stretch__0_4-changepitchmedian_100__0-changesemitones_12.wav'
 'AP_bee-changeduration_Stretch__0_4-changepitchmedian_100__0-changesemitones_12.wav'
 'AP_ga-changeduration_Stretch__0_4-changepitchmedian_100__0-changesemitones_12.wav']",,fixed,
35,1680892559589,07/04/2023 18:35:59,1680892396460,-4,07/04/2023 14:33:16,127771,4,task-i24r,,28738470,BLIND,8554460,,complete,,,computer,Desktop or Laptop,Windows 10,Chrome 111.0.0.0,1920x1200,1920x1057,,Perceptual Organization Pilot - Audio,78,,,,,SD-AP,Practice Good,AB,Practice Bad,AB,V4-SD-Instruction,V4-SD-Instruction,18,8,2,Screen 2,buttonA,response_button_text,1189.2000000029802,,,same,1,1,0,0,,,,,,task-sd,Block_5_male_1speaker_same_word_6_serial_4_stim1fixed_instruction.wav,same,,,### word,,,6,10,2000,"['AP_da-changeduration_Stretch__0_4-changepitchmedian_100__0-changesemitones_12.wav'
 'AP_boo-changeduration_Stretch__0_4-changepitchmedian_100__0-changesemitones_12.wav'
 'AP_dee-changeduration_Stretch__0_4-changepitchmedian_100__0-changesemitones_12.wav'
 'AP_doo-changeduration_Stretch__0_4-changepitchmedian_100__0-changesemitones_12.wav'
 'AP_bee-changeduration_Stretch__0_4-changepitchmedian_100__0-changesemitones_12.wav'
 'AP_ga-changeduration_Stretch__0_4-changepitchmedian_100__0-changesemitones_12.wav']","['AP_da-changeduration_Stretch__0_4-changepitchmedian_100__0-changesemitones_12.wav'
 'AP_boo-changeduration_Stretch__0_4-changepitchmedian_100__0-changesemitones_12.wav'
 'AP_dee-changeduration_Stretch__0_4-changepitchmedian_100__0-changesemitones_12.wav'
 'AP_doo-changeduration_Stretch__0_4-changepitchmedian_100__0-changesemitones_12.wav'
 'AP_bee-changeduration_Stretch__0_4-changepitchmedian_100__0-changesemitones_12.wav'
 'AP_ga-changeduration_Stretch__0_4-changepitchmedian_100__0-changesemitones_12.wav']",,fixed,
36,1680892560580,07/04/2023 18:36:00,1680892397452,-4,07/04/2023 14:33:17,127771,4,task-i24r,,28738470,BLIND,8554460,,complete,,,computer,Desktop or Laptop,Windows 10,Chrome 111.0.0.0,1920x1200,1920x1057,,Perceptual Organization Pilot - Audio,78,,,,,SD-AP,Practice Good,AB,Practice Bad,AB,V4-SD-Instruction,V4-SD-Instruction,19,11,1,Screen 1,advancementZone,continue_button,987.6999999880791,,,,,0,1,0,,,,,,text,,,"<p style=""font-size: 32px;""> The previous example was 'same' </p>",,,,,,,,,,,,
37,1680892560689,07/04/2023 18:36:00,1680892397459,-4,07/04/2023 14:33:17,127771,4,task-i24r,,28738470,BLIND,8554460,,complete,,,computer,Desktop or Laptop,Windows 10,Chrome 111.0.0.0,1920x1200,1920x1057,,Perceptual Organization Pilot - Audio,78,,,,,SD-AP,Practice Good,AB,Practice Bad,AB,V4-SD-Instruction,V4-SD-Instruction,20,9,1,Screen 1,audio,content_web_audio,0.20000000298023224,,,AUDIO PLAY REQUESTED,1,0,1,0,,,,,,task-sd,Block_5_female_1speaker_same_word_6_serial_1_stim1rand_instruction.wav,same,,,### word,,,6,10,2000,"['AI_da-changeduration_Stretch__0_4-changepitchmedian_200__0-changesemitones_16.wav'
 'AI_gee-changeduration_Stretch__0_4-changepitchmedian_200__0.wav'
 'AI_bee-changeduration_Stretch__0_4-changepitchmedian_200__0-changesemitones_-4.wav'
 'AI_goo-changeduration_Stretch__0_4-changepitchmedian_200__0-changesemitones_4.wav'
 'AI_doo-changeduration_Stretch__0_4-changepitchmedian_200__0-changesemitones_-12.wav'
 'AI_boo-changeduration_Stretch__0_4-changepitchmedian_200__0-changesemitones_-8.wav']","['AI_da-changeduration_Stretch__0_4-changepitchmedian_200__0-changesemitones_8.wav'
 'AI_gee-changeduration_Stretch__0_4-changepitchmedian_200__0-changesemitones_-12.wav'
 'AI_bee-changeduration_Stretch__0_4-changepitchmedian_200__0-changesemitones_12.wav'
 'AI_goo-changeduration_Stretch__0_4-changepitchmedian_200__0-changesemitones_16.wav'
 'AI_doo-changeduration_Stretch__0_4-changepitchmedian_200__0-changesemitones_4.wav'
 'AI_boo-changeduration_Stretch__0_4-changepitchmedian_200__0-changesemitones_-4.wav']",,rand,
38,1680892567496,07/04/2023 18:36:07,1680892404359,-4,07/04/2023 14:33:24,127771,4,task-i24r,,28738470,BLIND,8554460,,complete,,,computer,Desktop or Laptop,Windows 10,Chrome 111.0.0.0,1920x1200,1920x1057,,Perceptual Organization Pilot - Audio,78,,,,,SD-AP,Practice Good,AB,Practice Bad,AB,V4-SD-Instruction,V4-SD-Instruction,20,9,1,Screen 1,audio,content_web_audio,6900.4000000059605,,,,,0,1,0,,,,,,task-sd,Block_5_female_1speaker_same_word_6_serial_1_stim1rand_instruction.wav,same,,,### word,,,6,10,2000,"['AI_da-changeduration_Stretch__0_4-changepitchmedian_200__0-changesemitones_16.wav'
 'AI_gee-changeduration_Stretch__0_4-changepitchmedian_200__0.wav'
 'AI_bee-changeduration_Stretch__0_4-changepitchmedian_200__0-changesemitones_-4.wav'
 'AI_goo-changeduration_Stretch__0_4-changepitchmedian_200__0-changesemitones_4.wav'
 'AI_doo-changeduration_Stretch__0_4-changepitchmedian_200__0-changesemitones_-12.wav'
 'AI_boo-changeduration_Stretch__0_4-changepitchmedian_200__0-changesemitones_-8.wav']","['AI_da-changeduration_Stretch__0_4-changepitchmedian_200__0-changesemitones_8.wav'
 'AI_gee-changeduration_Stretch__0_4-changepitchmedian_200__0-changesemitones_-12.wav'
 'AI_bee-changeduration_Stretch__0_4-changepitchmedian_200__0-changesemitones_12.wav'
 'AI_goo-changeduration_Stretch__0_4-changepitchmedian_200__0-changesemitones_16.wav'
 'AI_doo-changeduration_Stretch__0_4-changepitchmedian_200__0-changesemitones_4.wav'
 'AI_boo-changeduration_Stretch__0_4-changepitchmedian_200__0-changesemitones_-4.wav']",,rand,
39,1680892568232,07/04/2023 18:36:08,1680892405099,-4,07/04/2023 14:33:25,127771,4,task-i24r,,28738470,BLIND,8554460,,complete,,,computer,Desktop or Laptop,Windows 10,Chrome 111.0.0.0,1920x1200,1920x1057,,Perceptual Organization Pilot - Audio,78,,,,,SD-AP,Practice Good,AB,Practice Bad,AB,V4-SD-Instruction,V4-SD-Instruction,20,9,2,Screen 2,buttonB,response_button_text,723.7999999970198,,,different,1,0,1,0,,,,,,task-sd,Block_5_female_1speaker_same_word_6_serial_1_stim1rand_instruction.wav,same,,,### word,,,6,10,2000,"['AI_da-changeduration_Stretch__0_4-changepitchmedian_200__0-changesemitones_16.wav'
 'AI_gee-changeduration_Stretch__0_4-changepitchmedian_200__0.wav'
 'AI_bee-changeduration_Stretch__0_4-changepitchmedian_200__0-changesemitones_-4.wav'
 'AI_goo-changeduration_Stretch__0_4-changepitchmedian_200__0-changesemitones_4.wav'
 'AI_doo-changeduration_Stretch__0_4-changepitchmedian_200__0-changesemitones_-12.wav'
 'AI_boo-changeduration_Stretch__0_4-changepitchmedian_200__0-changesemitones_-8.wav']","['AI_da-changeduration_Stretch__0_4-changepitchmedian_200__0-changesemitones_8.wav'
 'AI_gee-changeduration_Stretch__0_4-changepitchmedian_200__0-changesemitones_-12.wav'
 'AI_bee-changeduration_Stretch__0_4-changepitchmedian_200__0-changesemitones_12.wav'
 'AI_goo-changeduration_Stretch__0_4-changepitchmedian_200__0-changesemitones_16.wav'
 'AI_doo-changeduration_Stretch__0_4-changepitchmedian_200__0-changesemitones_4.wav'
 'AI_boo-changeduration_Stretch__0_4-changepitchmedian_200__0-changesemitones_-4.wav']",,rand,
40,1680892569465,07/04/2023 18:36:09,1680892406332,-4,07/04/2023 14:33:26,127771,4,task-i24r,,28738470,BLIND,8554460,,complete,,,computer,Desktop or Laptop,Windows 10,Chrome 111.0.0.0,1920x1200,1920x1057,,Perceptual Organization Pilot - Audio,78,,,,,SD-AP,Practice Good,AB,Practice Bad,AB,V4-SD-Instruction,V4-SD-Instruction,21,12,1,Screen 1,advancementZone,continue_button,1228.2000000029802,,,,,0,1,0,,,,,,text,,,"<p style=""font-size: 32px;""> The previous example was 'same' </p>",,,,,,,,,,,,
41,1680892569557,07/04/2023 18:36:09,1680892406336,-4,07/04/2023 14:33:26,127771,4,task-i24r,,28738470,BLIND,8554460,,complete,,,computer,Desktop or Laptop,Windows 10,Chrome 111.0.0.0,1920x1200,1920x1057,,Perceptual Organization Pilot - Audio,78,,,,,SD-AP,Practice Good,AB,Practice Bad,AB,V4-SD-Instruction,V4-SD-Instruction,22,10,1,Screen 1,audio,content_web_audio,0.30000001192092896,,,AUDIO PLAY REQUESTED,1,0,1,0,,,,,,task-sd,Block_5_male_1speaker_diff_word_6_serial_1_stim1rand_instruction.wav,different,,,### word,,,6,10,2000,"['AP_da-changeduration_Stretch__0_4-changepitchmedian_100__0-changesemitones_-8.wav'
 'AP_bee-changeduration_Stretch__0_4-changepitchmedian_100__0.wav'
 'AP_ga-changeduration_Stretch__0_4-changepitchmedian_100__0-changesemitones_-16.wav'
 'AP_goo-changeduration_Stretch__0_4-changepitchmedian_100__0-changesemitones_-4.wav'
 'AP_boo-changeduration_Stretch__0_4-changepitchmedian_100__0-changesemitones_-12.wav'
 'AP_dee-changeduration_Stretch__0_4-changepitchmedian_100__0-changesemitones_4.wav']","['AP_da-changeduration_Stretch__0_4-changepitchmedian_100__0.wav'
 'AP_ga-changeduration_Stretch__0_4-changepitchmedian_100__0-changesemitones_12.wav'
 'AP_bee-changeduration_Stretch__0_4-changepitchmedian_100__0-changesemitones_4.wav'
 'AP_goo-changeduration_Stretch__0_4-changepitchmedian_100__0-changesemitones_-16.wav'
 'AP_boo-changeduration_Stretch__0_4-changepitchmedian_100__0-changesemitones_16.wav'
 'AP_dee-changeduration_Stretch__0_4-changepitchmedian_100__0-changesemitones_-4.wav']",1,rand,
42,1680892576366,07/04/2023 18:36:16,1680892413237,-4,07/04/2023 14:33:33,127771,4,task-i24r,,28738470,BLIND,8554460,,complete,,,computer,Desktop or Laptop,Windows 10,Chrome 111.0.0.0,1920x1200,1920x1057,,Perceptual Organization Pilot - Audio,78,,,,,SD-AP,Practice Good,AB,Practice Bad,AB,V4-SD-Instruction,V4-SD-Instruction,22,10,1,Screen 1,audio,content_web_audio,6900.9000000059605,,,,,0,1,0,,,,,,task-sd,Block_5_male_1speaker_diff_word_6_serial_1_stim1rand_instruction.wav,different,,,### word,,,6,10,2000,"['AP_da-changeduration_Stretch__0_4-changepitchmedian_100__0-changesemitones_-8.wav'
 'AP_bee-changeduration_Stretch__0_4-changepitchmedian_100__0.wav'
 'AP_ga-changeduration_Stretch__0_4-changepitchmedian_100__0-changesemitones_-16.wav'
 'AP_goo-changeduration_Stretch__0_4-changepitchmedian_100__0-changesemitones_-4.wav'
 'AP_boo-changeduration_Stretch__0_4-changepitchmedian_100__0-changesemitones_-12.wav'
 'AP_dee-changeduration_Stretch__0_4-changepitchmedian_100__0-changesemitones_4.wav']","['AP_da-changeduration_Stretch__0_4-changepitchmedian_100__0.wav'
 'AP_ga-changeduration_Stretch__0_4-changepitchmedian_100__0-changesemitones_12.wav'
 'AP_bee-changeduration_Stretch__0_4-changepitchmedian_100__0-changesemitones_4.wav'
 'AP_goo-changeduration_Stretch__0_4-changepitchmedian_100__0-changesemitones_-16.wav'
 'AP_boo-changeduration_Stretch__0_4-changepitchmedian_100__0-changesemitones_16.wav'
 'AP_dee-changeduration_Stretch__0_4-changepitchmedian_100__0-changesemitones_-4.wav']",1,rand,
43,1680892577288,07/04/2023 18:36:17,1680892414164,-4,07/04/2023 14:33:34,127771,4,task-i24r,,28738470,BLIND,8554460,,complete,,,computer,Desktop or Laptop,Windows 10,Chrome 111.0.0.0,1920x1200,1920x1057,,Perceptual Organization Pilot - Audio,78,,,,,SD-AP,Practice Good,AB,Practice Bad,AB,V4-SD-Instruction,V4-SD-Instruction,22,10,2,Screen 2,buttonA,response_button_text,910.5999999940395,,,same,1,0,1,0,,,,,,task-sd,Block_5_male_1speaker_diff_word_6_serial_1_stim1rand_instruction.wav,different,,,### word,,,6,10,2000,"['AP_da-changeduration_Stretch__0_4-changepitchmedian_100__0-changesemitones_-8.wav'
 'AP_bee-changeduration_Stretch__0_4-changepitchmedian_100__0.wav'
 'AP_ga-changeduration_Stretch__0_4-changepitchmedian_100__0-changesemitones_-16.wav'
 'AP_goo-changeduration_Stretch__0_4-changepitchmedian_100__0-changesemitones_-4.wav'
 'AP_boo-changeduration_Stretch__0_4-changepitchmedian_100__0-changesemitones_-12.wav'
 'AP_dee-changeduration_Stretch__0_4-changepitchmedian_100__0-changesemitones_4.wav']","['AP_da-changeduration_Stretch__0_4-changepitchmedian_100__0.wav'
 'AP_ga-changeduration_Stretch__0_4-changepitchmedian_100__0-changesemitones_12.wav'
 'AP_bee-changeduration_Stretch__0_4-changepitchmedian_100__0-changesemitones_4.wav'
 'AP_goo-changeduration_Stretch__0_4-changepitchmedian_100__0-changesemitones_-16.wav'
 'AP_boo-changeduration_Stretch__0_4-changepitchmedian_100__0-changesemitones_16.wav'
 'AP_dee-changeduration_Stretch__0_4-changepitchmedian_100__0-changesemitones_-4.wav']",1,rand,
44,1680892584185,07/04/2023 18:36:24,1680892421067,-4,07/04/2023 14:33:41,127771,4,task-i24r,,28738470,BLIND,8554460,,complete,,,computer,Desktop or Laptop,Windows 10,Chrome 111.0.0.0,1920x1200,1920x1057,,Perceptual Organization Pilot - Audio,78,,,,,SD-AP,Practice Good,AB,Practice Bad,AB,V4-SD-Instruction,V4-SD-Instruction,23,13,1,Screen 1,advancementZone,continue_button,6898.899999991059,,,,,0,1,0,,,,,,text,,,"<p style=""font-size: 32px;""> The previous example was 'different'. You are done the introductory trials. </p> <p style=""font-size: 32px;"">  You will now be taken to a practice section with 8 trials. You must get 5/8 trials correct to continue with the rest of the experiment.  </p>",,,,,,,,,,,,
45,1680892584309,07/04/2023 18:36:24,1680892421071,-4,07/04/2023 14:33:41,127771,4,task-i24r,,28738470,BLIND,8554460,,complete,,,computer,Desktop or Laptop,Windows 10,Chrome 111.0.0.0,1920x1200,1920x1057,,Perceptual Organization Pilot - Audio,78,,,,,SD-AP,Practice Good,AB,Practice Bad,AB,V4-SD-Instruction,,,END TASK,,,,,132967,,,,,0,1,0,,,,,,,,,,,,,,,,,,,,,
END OF FILE
