﻿Event Index,UTC Timestamp,UTC Date,Local Timestamp,Local Timezone,Local Date,Experiment ID,Experiment Version,Tree Node Key,Repeat Key,Schedule ID,Participant Public ID,Participant Private ID,Participant Starting Group,Participant Status,Participant Completion Code,Participant External Session ID,Participant Device Type,Participant Device,Participant OS,Participant Browser,Participant Monitor Size,Participant Viewport Size,Checkpoint,Task Name,Task Version,branch-fh7p,branch-inb7,order-l841,order-bvi9,randomiser-s4k1,branch-lfp6,order-svai,branch-8j67,order-md2h,Spreadsheet,Spreadsheet Name,Spreadsheet Row,Trial Number,Screen Number,Screen Name,Zone Name,Zone Type,Reaction Time,Reaction Onset,Response Type,Response,Attempt,Correct,Incorrect,Dishonest,X Coordinate,Y Coordinate,Timed Out,randomise_blocks,randomise_trials,display,Audio_Filename,Same_Different,text,embedded,Attend_Condition,Present_Absent,Absent_Present,Length,Pause,Sequence Pause,Sequence_Names,Switch_Names,Stim_Ind,Stim_Name,Non_attend_dim
1,1680893470859,07/04/2023 18:51:10,1680893307650,-4,07/04/2023 14:48:27,127771,4,task-75vj,,28738738,BLIND,8554460,,complete,,,computer,Desktop or Laptop,Windows 10,Chrome 111.0.0.0,1920x1200,1920x1057,,Perceptual Organization Pilot - Audio,78,,,,,SD-AP,Practice Good,AB,Practice Bad,AB,V4-AP-practice1,,,BEGIN TASK,,,,,,,,,,0,1,0,,,,,,,,,,,,,,,,,,,,,
2,1680893472458,07/04/2023 18:51:12,1680893309323,-4,07/04/2023 14:48:29,127771,4,task-75vj,,28738738,BLIND,8554460,,complete,,,computer,Desktop or Laptop,Windows 10,Chrome 111.0.0.0,1920x1200,1920x1057,,Perceptual Organization Pilot - Audio,78,,,,,SD-AP,Practice Good,AB,Practice Bad,AB,V4-AP-practice1,V4-AP-practice1,1,1,1,Screen 1,advancementZone,continue_button,1642.5,,,,,0,1,0,,,,,,text,,,"<p style=""font-size: 32px;""> In this final practice section, you will hear a sequence of syllables with different pitches, a pause, then a single syllable. Your task is to determine whether the PITCH itself was present or absent from the sequence. </p>",,,,,,,,,,,,
3,1680893472589,07/04/2023 18:51:12,1680893309329,-4,07/04/2023 14:48:29,127771,4,task-75vj,,28738738,BLIND,8554460,,complete,,,computer,Desktop or Laptop,Windows 10,Chrome 111.0.0.0,1920x1200,1920x1057,,Perceptual Organization Pilot - Audio,78,,,,,SD-AP,Practice Good,AB,Practice Bad,AB,V4-AP-practice1,V4-AP-practice1,3,1,1,Screen 1,Zone1,content_web_audio,0.29999999701976776,,,AUDIO PLAY REQUESTED,1,0,1,0,,,,,1,task-ap-feedback,Block_5_male_1speaker_present_pitch_6_serial_0_1fixed_prac.wav,,,prac_corr,### pitch,,present,6,10,2000,"['AP_boo-changeduration_Stretch__0_4-changepitchmedian_100__0-changesemitones_4.wav'
 'AP_boo-changeduration_Stretch__0_4-changepitchmedian_100__0-changesemitones_-16.wav'
 'AP_boo-changeduration_Stretch__0_4-changepitchmedian_100__0.wav'
 'AP_boo-changeduration_Stretch__0_4-changepitchmedian_100__0-changesemitones_-12.wav'
 'AP_boo-changeduration_Stretch__0_4-changepitchmedian_100__0-changesemitones_-8.wav'
 'AP_boo-changeduration_Stretch__0_4-changepitchmedian_100__0-changesemitones_-4.wav']",AP_boo-changeduration_Stretch__0_4-changepitchmedian_100__0-changesemitones_4.wav,0,,fixed
4,1680893477311,07/04/2023 18:51:17,1680893314180,-4,07/04/2023 14:48:34,127771,4,task-75vj,,28738738,BLIND,8554460,,complete,,,computer,Desktop or Laptop,Windows 10,Chrome 111.0.0.0,1920x1200,1920x1057,,Perceptual Organization Pilot - Audio,78,,,,,SD-AP,Practice Good,AB,Practice Bad,AB,V4-AP-practice1,V4-AP-practice1,3,1,1,Screen 1,Zone1,content_web_audio,4850.5,,,,,0,1,0,,,,,1,task-ap-feedback,Block_5_male_1speaker_present_pitch_6_serial_0_1fixed_prac.wav,,,prac_corr,### pitch,,present,6,10,2000,"['AP_boo-changeduration_Stretch__0_4-changepitchmedian_100__0-changesemitones_4.wav'
 'AP_boo-changeduration_Stretch__0_4-changepitchmedian_100__0-changesemitones_-16.wav'
 'AP_boo-changeduration_Stretch__0_4-changepitchmedian_100__0.wav'
 'AP_boo-changeduration_Stretch__0_4-changepitchmedian_100__0-changesemitones_-12.wav'
 'AP_boo-changeduration_Stretch__0_4-changepitchmedian_100__0-changesemitones_-8.wav'
 'AP_boo-changeduration_Stretch__0_4-changepitchmedian_100__0-changesemitones_-4.wav']",AP_boo-changeduration_Stretch__0_4-changepitchmedian_100__0-changesemitones_4.wav,0,,fixed
5,1680893478531,07/04/2023 18:51:18,1680893315397,-4,07/04/2023 14:48:35,127771,4,task-75vj,,28738738,BLIND,8554460,,complete,,,computer,Desktop or Laptop,Windows 10,Chrome 111.0.0.0,1920x1200,1920x1057,,Perceptual Organization Pilot - Audio,78,,,,,SD-AP,Practice Good,AB,Practice Bad,AB,V4-AP-practice1,V4-AP-practice1,3,1,2,Screen 2,buttonA,response_button_text,1202.7999999970198,,,present,1,1,0,0,,,,,1,task-ap-feedback,Block_5_male_1speaker_present_pitch_6_serial_0_1fixed_prac.wav,,,prac_corr,### pitch,,present,6,10,2000,"['AP_boo-changeduration_Stretch__0_4-changepitchmedian_100__0-changesemitones_4.wav'
 'AP_boo-changeduration_Stretch__0_4-changepitchmedian_100__0-changesemitones_-16.wav'
 'AP_boo-changeduration_Stretch__0_4-changepitchmedian_100__0.wav'
 'AP_boo-changeduration_Stretch__0_4-changepitchmedian_100__0-changesemitones_-12.wav'
 'AP_boo-changeduration_Stretch__0_4-changepitchmedian_100__0-changesemitones_-8.wav'
 'AP_boo-changeduration_Stretch__0_4-changepitchmedian_100__0-changesemitones_-4.wav']",AP_boo-changeduration_Stretch__0_4-changepitchmedian_100__0-changesemitones_4.wav,0,,fixed
6,1680893479046,07/04/2023 18:51:19,1680893315890,-4,07/04/2023 14:48:35,127771,4,task-75vj,,28738738,BLIND,8554460,,complete,,,computer,Desktop or Laptop,Windows 10,Chrome 111.0.0.0,1920x1200,1920x1057,,Perceptual Organization Pilot - Audio,78,,,,,SD-AP,Practice Good,AB,Practice Bad,AB,V4-AP-practice1,V4-AP-practice1,2,2,1,Screen 1,Zone1,content_web_audio,0.29999999701976776,,,AUDIO PLAY REQUESTED,1,0,1,0,,,,,1,task-ap-feedback,Block_5_female_1speaker_absent_pitch_6_serial_4_1fixed_prac.wav,,,prac_corr,### pitch,,absent,6,10,2000,"['AI_da-changeduration_Stretch__0_4-changepitchmedian_200__0-changesemitones_8.wav'
 'AI_da-changeduration_Stretch__0_4-changepitchmedian_200__0-changesemitones_16.wav'
 'AI_da-changeduration_Stretch__0_4-changepitchmedian_200__0-changesemitones_-8.wav'
 'AI_da-changeduration_Stretch__0_4-changepitchmedian_200__0-changesemitones_-12.wav'
 'AI_da-changeduration_Stretch__0_4-changepitchmedian_200__0-changesemitones_-4.wav'
 'AI_da-changeduration_Stretch__0_4-changepitchmedian_200__0-changesemitones_12.wav']",AI_da-changeduration_Stretch__0_4-changepitchmedian_200__0-changesemitones_4.wav,4,,fixed
7,1680893483876,07/04/2023 18:51:23,1680893320741,-4,07/04/2023 14:48:40,127771,4,task-75vj,,28738738,BLIND,8554460,,complete,,,computer,Desktop or Laptop,Windows 10,Chrome 111.0.0.0,1920x1200,1920x1057,,Perceptual Organization Pilot - Audio,78,,,,,SD-AP,Practice Good,AB,Practice Bad,AB,V4-AP-practice1,V4-AP-practice1,2,2,1,Screen 1,Zone1,content_web_audio,4850.699999988079,,,,,0,1,0,,,,,1,task-ap-feedback,Block_5_female_1speaker_absent_pitch_6_serial_4_1fixed_prac.wav,,,prac_corr,### pitch,,absent,6,10,2000,"['AI_da-changeduration_Stretch__0_4-changepitchmedian_200__0-changesemitones_8.wav'
 'AI_da-changeduration_Stretch__0_4-changepitchmedian_200__0-changesemitones_16.wav'
 'AI_da-changeduration_Stretch__0_4-changepitchmedian_200__0-changesemitones_-8.wav'
 'AI_da-changeduration_Stretch__0_4-changepitchmedian_200__0-changesemitones_-12.wav'
 'AI_da-changeduration_Stretch__0_4-changepitchmedian_200__0-changesemitones_-4.wav'
 'AI_da-changeduration_Stretch__0_4-changepitchmedian_200__0-changesemitones_12.wav']",AI_da-changeduration_Stretch__0_4-changepitchmedian_200__0-changesemitones_4.wav,4,,fixed
8,1680893484709,07/04/2023 18:51:24,1680893321573,-4,07/04/2023 14:48:41,127771,4,task-75vj,,28738738,BLIND,8554460,,complete,,,computer,Desktop or Laptop,Windows 10,Chrome 111.0.0.0,1920x1200,1920x1057,,Perceptual Organization Pilot - Audio,78,,,,,SD-AP,Practice Good,AB,Practice Bad,AB,V4-AP-practice1,V4-AP-practice1,2,2,2,Screen 2,buttonA,response_button_text,821.9000000059605,,,present,1,0,1,0,,,,,1,task-ap-feedback,Block_5_female_1speaker_absent_pitch_6_serial_4_1fixed_prac.wav,,,prac_corr,### pitch,,absent,6,10,2000,"['AI_da-changeduration_Stretch__0_4-changepitchmedian_200__0-changesemitones_8.wav'
 'AI_da-changeduration_Stretch__0_4-changepitchmedian_200__0-changesemitones_16.wav'
 'AI_da-changeduration_Stretch__0_4-changepitchmedian_200__0-changesemitones_-8.wav'
 'AI_da-changeduration_Stretch__0_4-changepitchmedian_200__0-changesemitones_-12.wav'
 'AI_da-changeduration_Stretch__0_4-changepitchmedian_200__0-changesemitones_-4.wav'
 'AI_da-changeduration_Stretch__0_4-changepitchmedian_200__0-changesemitones_12.wav']",AI_da-changeduration_Stretch__0_4-changepitchmedian_200__0-changesemitones_4.wav,4,,fixed
9,1680893485197,07/04/2023 18:51:25,1680893322065,-4,07/04/2023 14:48:42,127771,4,task-75vj,,28738738,BLIND,8554460,,complete,,,computer,Desktop or Laptop,Windows 10,Chrome 111.0.0.0,1920x1200,1920x1057,,Perceptual Organization Pilot - Audio,78,,,,,SD-AP,Practice Good,AB,Practice Bad,AB,V4-AP-practice1,V4-AP-practice1,4,3,1,Screen 1,Zone1,content_web_audio,0.19999998807907104,,,AUDIO PLAY REQUESTED,1,0,1,0,,,,,1,task-ap-feedback,Block_5_female_1speaker_absent_pitch_6_serial_1_1rand_prac.wav,,,prac_corr,### pitch,,absent,6,10,2000,"['AI_doo-changeduration_Stretch__0_4-changepitchmedian_200__0-changesemitones_-4.wav'
 'AI_da-changeduration_Stretch__0_4-changepitchmedian_200__0.wav'
 'AI_gee-changeduration_Stretch__0_4-changepitchmedian_200__0-changesemitones_-16.wav'
 'AI_ba-changeduration_Stretch__0_4-changepitchmedian_200__0-changesemitones_8.wav'
 'AI_ga-changeduration_Stretch__0_4-changepitchmedian_200__0-changesemitones_4.wav'
 'AI_goo-changeduration_Stretch__0_4-changepitchmedian_200__0-changesemitones_12.wav']",AI_boo-changeduration_Stretch__0_4-changepitchmedian_200__0-changesemitones_-8.wav,1,,rand
10,1680893490058,07/04/2023 18:51:30,1680893326917,-4,07/04/2023 14:48:46,127771,4,task-75vj,,28738738,BLIND,8554460,,complete,,,computer,Desktop or Laptop,Windows 10,Chrome 111.0.0.0,1920x1200,1920x1057,,Perceptual Organization Pilot - Audio,78,,,,,SD-AP,Practice Good,AB,Practice Bad,AB,V4-AP-practice1,V4-AP-practice1,4,3,1,Screen 1,Zone1,content_web_audio,4851.199999988079,,,,,0,1,0,,,,,1,task-ap-feedback,Block_5_female_1speaker_absent_pitch_6_serial_1_1rand_prac.wav,,,prac_corr,### pitch,,absent,6,10,2000,"['AI_doo-changeduration_Stretch__0_4-changepitchmedian_200__0-changesemitones_-4.wav'
 'AI_da-changeduration_Stretch__0_4-changepitchmedian_200__0.wav'
 'AI_gee-changeduration_Stretch__0_4-changepitchmedian_200__0-changesemitones_-16.wav'
 'AI_ba-changeduration_Stretch__0_4-changepitchmedian_200__0-changesemitones_8.wav'
 'AI_ga-changeduration_Stretch__0_4-changepitchmedian_200__0-changesemitones_4.wav'
 'AI_goo-changeduration_Stretch__0_4-changepitchmedian_200__0-changesemitones_12.wav']",AI_boo-changeduration_Stretch__0_4-changepitchmedian_200__0-changesemitones_-8.wav,1,,rand
11,1680893491124,07/04/2023 18:51:31,1680893327997,-4,07/04/2023 14:48:47,127771,4,task-75vj,,28738738,BLIND,8554460,,complete,,,computer,Desktop or Laptop,Windows 10,Chrome 111.0.0.0,1920x1200,1920x1057,,Perceptual Organization Pilot - Audio,78,,,,,SD-AP,Practice Good,AB,Practice Bad,AB,V4-AP-practice1,V4-AP-practice1,4,3,2,Screen 2,buttonA,response_button_text,1057.5,,,present,1,0,1,0,,,,,1,task-ap-feedback,Block_5_female_1speaker_absent_pitch_6_serial_1_1rand_prac.wav,,,prac_corr,### pitch,,absent,6,10,2000,"['AI_doo-changeduration_Stretch__0_4-changepitchmedian_200__0-changesemitones_-4.wav'
 'AI_da-changeduration_Stretch__0_4-changepitchmedian_200__0.wav'
 'AI_gee-changeduration_Stretch__0_4-changepitchmedian_200__0-changesemitones_-16.wav'
 'AI_ba-changeduration_Stretch__0_4-changepitchmedian_200__0-changesemitones_8.wav'
 'AI_ga-changeduration_Stretch__0_4-changepitchmedian_200__0-changesemitones_4.wav'
 'AI_goo-changeduration_Stretch__0_4-changepitchmedian_200__0-changesemitones_12.wav']",AI_boo-changeduration_Stretch__0_4-changepitchmedian_200__0-changesemitones_-8.wav,1,,rand
12,1680893491622,07/04/2023 18:51:31,1680893328487,-4,07/04/2023 14:48:48,127771,4,task-75vj,,28738738,BLIND,8554460,,complete,,,computer,Desktop or Laptop,Windows 10,Chrome 111.0.0.0,1920x1200,1920x1057,,Perceptual Organization Pilot - Audio,78,,,,,SD-AP,Practice Good,AB,Practice Bad,AB,V4-AP-practice1,V4-AP-practice1,5,4,1,Screen 1,Zone1,content_web_audio,0.30000001192092896,,,AUDIO PLAY REQUESTED,1,0,1,0,,,,,1,task-ap-feedback,Block_5_male_1speaker_absent_pitch_6_serial_2_1rand_prac.wav,,,prac_corr,### pitch,,absent,6,10,2000,"['AP_gee-changeduration_Stretch__0_4-changepitchmedian_100__0-changesemitones_-8.wav'
 'AP_da-changeduration_Stretch__0_4-changepitchmedian_100__0-changesemitones_12.wav'
 'AP_goo-changeduration_Stretch__0_4-changepitchmedian_100__0-changesemitones_-16.wav'
 'AP_bee-changeduration_Stretch__0_4-changepitchmedian_100__0-changesemitones_-12.wav'
 'AP_boo-changeduration_Stretch__0_4-changepitchmedian_100__0-changesemitones_-4.wav'
 'AP_doo-changeduration_Stretch__0_4-changepitchmedian_100__0-changesemitones_4.wav']",AP_dee-changeduration_Stretch__0_4-changepitchmedian_100__0-changesemitones_16.wav,2,,rand
13,1680893496478,07/04/2023 18:51:36,1680893333339,-4,07/04/2023 14:48:53,127771,4,task-75vj,,28738738,BLIND,8554460,,complete,,,computer,Desktop or Laptop,Windows 10,Chrome 111.0.0.0,1920x1200,1920x1057,,Perceptual Organization Pilot - Audio,78,,,,,SD-AP,Practice Good,AB,Practice Bad,AB,V4-AP-practice1,V4-AP-practice1,5,4,1,Screen 1,Zone1,content_web_audio,4852.20000000298,,,,,0,1,0,,,,,1,task-ap-feedback,Block_5_male_1speaker_absent_pitch_6_serial_2_1rand_prac.wav,,,prac_corr,### pitch,,absent,6,10,2000,"['AP_gee-changeduration_Stretch__0_4-changepitchmedian_100__0-changesemitones_-8.wav'
 'AP_da-changeduration_Stretch__0_4-changepitchmedian_100__0-changesemitones_12.wav'
 'AP_goo-changeduration_Stretch__0_4-changepitchmedian_100__0-changesemitones_-16.wav'
 'AP_bee-changeduration_Stretch__0_4-changepitchmedian_100__0-changesemitones_-12.wav'
 'AP_boo-changeduration_Stretch__0_4-changepitchmedian_100__0-changesemitones_-4.wav'
 'AP_doo-changeduration_Stretch__0_4-changepitchmedian_100__0-changesemitones_4.wav']",AP_dee-changeduration_Stretch__0_4-changepitchmedian_100__0-changesemitones_16.wav,2,,rand
14,1680893497451,07/04/2023 18:51:37,1680893334317,-4,07/04/2023 14:48:54,127771,4,task-75vj,,28738738,BLIND,8554460,,complete,,,computer,Desktop or Laptop,Windows 10,Chrome 111.0.0.0,1920x1200,1920x1057,,Perceptual Organization Pilot - Audio,78,,,,,SD-AP,Practice Good,AB,Practice Bad,AB,V4-AP-practice1,V4-AP-practice1,5,4,2,Screen 2,buttonB,response_button_text,966.9000000059605,,,absent,1,1,0,0,,,,,1,task-ap-feedback,Block_5_male_1speaker_absent_pitch_6_serial_2_1rand_prac.wav,,,prac_corr,### pitch,,absent,6,10,2000,"['AP_gee-changeduration_Stretch__0_4-changepitchmedian_100__0-changesemitones_-8.wav'
 'AP_da-changeduration_Stretch__0_4-changepitchmedian_100__0-changesemitones_12.wav'
 'AP_goo-changeduration_Stretch__0_4-changepitchmedian_100__0-changesemitones_-16.wav'
 'AP_bee-changeduration_Stretch__0_4-changepitchmedian_100__0-changesemitones_-12.wav'
 'AP_boo-changeduration_Stretch__0_4-changepitchmedian_100__0-changesemitones_-4.wav'
 'AP_doo-changeduration_Stretch__0_4-changepitchmedian_100__0-changesemitones_4.wav']",AP_dee-changeduration_Stretch__0_4-changepitchmedian_100__0-changesemitones_16.wav,2,,rand
15,1680893505268,07/04/2023 18:51:45,1680893342138,-4,07/04/2023 14:49:02,127771,4,task-75vj,,28738738,BLIND,8554460,,complete,,,computer,Desktop or Laptop,Windows 10,Chrome 111.0.0.0,1920x1200,1920x1057,,Perceptual Organization Pilot - Audio,78,,,,,SD-AP,Practice Good,AB,Practice Bad,AB,V4-AP-practice1,V4-AP-practice1,6,2,1,Screen 1,advancementZone,continue_button,7319.4000000059605,,,,,0,1,0,,,,,,text,,,"<p style=""font-size: 32px;""> In this final practice section, you will hear a sequence of syllables with different pitches, a pause, then a single syllable. Your task is to determine whether the SYLLABLE itself was present or absent from the sequence. </p>",,,,,,,,,,,,
16,1680893505385,07/04/2023 18:51:45,1680893342146,-4,07/04/2023 14:49:02,127771,4,task-75vj,,28738738,BLIND,8554460,,complete,,,computer,Desktop or Laptop,Windows 10,Chrome 111.0.0.0,1920x1200,1920x1057,,Perceptual Organization Pilot - Audio,78,,,,,SD-AP,Practice Good,AB,Practice Bad,AB,V4-AP-practice1,V4-AP-practice1,8,5,1,Screen 1,Zone1,content_web_audio,0.29999999701976776,,,AUDIO PLAY REQUESTED,1,0,1,0,,,,,2,task-ap-feedback,Block_5_male_1speaker_absent_word_6_serial_1_1fixed_prac.wav,,,prac_corr,### word,,absent,6,10,2000,"['AP_doo-changeduration_Stretch__0_4-changepitchmedian_100__0-changesemitones_12.wav'
 'AP_gee-changeduration_Stretch__0_4-changepitchmedian_100__0-changesemitones_12.wav'
 'AP_boo-changeduration_Stretch__0_4-changepitchmedian_100__0-changesemitones_12.wav'
 'AP_bee-changeduration_Stretch__0_4-changepitchmedian_100__0-changesemitones_12.wav'
 'AP_goo-changeduration_Stretch__0_4-changepitchmedian_100__0-changesemitones_12.wav'
 'AP_da-changeduration_Stretch__0_4-changepitchmedian_100__0-changesemitones_12.wav']",AP_ba-changeduration_Stretch__0_4-changepitchmedian_100__0-changesemitones_12.wav,1,,fixed
17,1680893510138,07/04/2023 18:51:50,1680893346996,-4,07/04/2023 14:49:06,127771,4,task-75vj,,28738738,BLIND,8554460,,complete,,,computer,Desktop or Laptop,Windows 10,Chrome 111.0.0.0,1920x1200,1920x1057,,Perceptual Organization Pilot - Audio,78,,,,,SD-AP,Practice Good,AB,Practice Bad,AB,V4-AP-practice1,V4-AP-practice1,8,5,1,Screen 1,Zone1,content_web_audio,4850.0999999940395,,,,,0,1,0,,,,,2,task-ap-feedback,Block_5_male_1speaker_absent_word_6_serial_1_1fixed_prac.wav,,,prac_corr,### word,,absent,6,10,2000,"['AP_doo-changeduration_Stretch__0_4-changepitchmedian_100__0-changesemitones_12.wav'
 'AP_gee-changeduration_Stretch__0_4-changepitchmedian_100__0-changesemitones_12.wav'
 'AP_boo-changeduration_Stretch__0_4-changepitchmedian_100__0-changesemitones_12.wav'
 'AP_bee-changeduration_Stretch__0_4-changepitchmedian_100__0-changesemitones_12.wav'
 'AP_goo-changeduration_Stretch__0_4-changepitchmedian_100__0-changesemitones_12.wav'
 'AP_da-changeduration_Stretch__0_4-changepitchmedian_100__0-changesemitones_12.wav']",AP_ba-changeduration_Stretch__0_4-changepitchmedian_100__0-changesemitones_12.wav,1,,fixed
18,1680893511186,07/04/2023 18:51:51,1680893348052,-4,07/04/2023 14:49:08,127771,4,task-75vj,,28738738,BLIND,8554460,,complete,,,computer,Desktop or Laptop,Windows 10,Chrome 111.0.0.0,1920x1200,1920x1057,,Perceptual Organization Pilot - Audio,78,,,,,SD-AP,Practice Good,AB,Practice Bad,AB,V4-AP-practice1,V4-AP-practice1,8,5,2,Screen 2,buttonA,response_button_text,1040.6000000089407,,,present,1,0,1,0,,,,,2,task-ap-feedback,Block_5_male_1speaker_absent_word_6_serial_1_1fixed_prac.wav,,,prac_corr,### word,,absent,6,10,2000,"['AP_doo-changeduration_Stretch__0_4-changepitchmedian_100__0-changesemitones_12.wav'
 'AP_gee-changeduration_Stretch__0_4-changepitchmedian_100__0-changesemitones_12.wav'
 'AP_boo-changeduration_Stretch__0_4-changepitchmedian_100__0-changesemitones_12.wav'
 'AP_bee-changeduration_Stretch__0_4-changepitchmedian_100__0-changesemitones_12.wav'
 'AP_goo-changeduration_Stretch__0_4-changepitchmedian_100__0-changesemitones_12.wav'
 'AP_da-changeduration_Stretch__0_4-changepitchmedian_100__0-changesemitones_12.wav']",AP_ba-changeduration_Stretch__0_4-changepitchmedian_100__0-changesemitones_12.wav,1,,fixed
19,1680893511702,07/04/2023 18:51:51,1680893348567,-4,07/04/2023 14:49:08,127771,4,task-75vj,,28738738,BLIND,8554460,,complete,,,computer,Desktop or Laptop,Windows 10,Chrome 111.0.0.0,1920x1200,1920x1057,,Perceptual Organization Pilot - Audio,78,,,,,SD-AP,Practice Good,AB,Practice Bad,AB,V4-AP-practice1,V4-AP-practice1,7,6,1,Screen 1,Zone1,content_web_audio,0.5999999940395355,,,AUDIO PLAY REQUESTED,1,0,1,0,,,,,2,task-ap-feedback,Block_5_female_1speaker_present_word_6_serial_1_1fixed_prac.wav,,,prac_corr,### word,,present,6,10,2000,"['AI_boo-changeduration_Stretch__0_4-changepitchmedian_200__0-changesemitones_-16.wav'
 'AI_ba-changeduration_Stretch__0_4-changepitchmedian_200__0-changesemitones_-16.wav'
 'AI_da-changeduration_Stretch__0_4-changepitchmedian_200__0-changesemitones_-16.wav'
 'AI_gee-changeduration_Stretch__0_4-changepitchmedian_200__0-changesemitones_-16.wav'
 'AI_ga-changeduration_Stretch__0_4-changepitchmedian_200__0-changesemitones_-16.wav'
 'AI_bee-changeduration_Stretch__0_4-changepitchmedian_200__0-changesemitones_-16.wav']",AI_ba-changeduration_Stretch__0_4-changepitchmedian_200__0-changesemitones_-16.wav,1,,fixed
20,1680893516563,07/04/2023 18:51:56,1680893353419,-4,07/04/2023 14:49:13,127771,4,task-75vj,,28738738,BLIND,8554460,,complete,,,computer,Desktop or Laptop,Windows 10,Chrome 111.0.0.0,1920x1200,1920x1057,,Perceptual Organization Pilot - Audio,78,,,,,SD-AP,Practice Good,AB,Practice Bad,AB,V4-AP-practice1,V4-AP-practice1,7,6,1,Screen 1,Zone1,content_web_audio,4852,,,,,0,1,0,,,,,2,task-ap-feedback,Block_5_female_1speaker_present_word_6_serial_1_1fixed_prac.wav,,,prac_corr,### word,,present,6,10,2000,"['AI_boo-changeduration_Stretch__0_4-changepitchmedian_200__0-changesemitones_-16.wav'
 'AI_ba-changeduration_Stretch__0_4-changepitchmedian_200__0-changesemitones_-16.wav'
 'AI_da-changeduration_Stretch__0_4-changepitchmedian_200__0-changesemitones_-16.wav'
 'AI_gee-changeduration_Stretch__0_4-changepitchmedian_200__0-changesemitones_-16.wav'
 'AI_ga-changeduration_Stretch__0_4-changepitchmedian_200__0-changesemitones_-16.wav'
 'AI_bee-changeduration_Stretch__0_4-changepitchmedian_200__0-changesemitones_-16.wav']",AI_ba-changeduration_Stretch__0_4-changepitchmedian_200__0-changesemitones_-16.wav,1,,fixed
21,1680893517401,07/04/2023 18:51:57,1680893354269,-4,07/04/2023 14:49:14,127771,4,task-75vj,,28738738,BLIND,8554460,,complete,,,computer,Desktop or Laptop,Windows 10,Chrome 111.0.0.0,1920x1200,1920x1057,,Perceptual Organization Pilot - Audio,78,,,,,SD-AP,Practice Good,AB,Practice Bad,AB,V4-AP-practice1,V4-AP-practice1,7,6,2,Screen 2,buttonA,response_button_text,827.5999999940395,,,present,1,1,0,0,,,,,2,task-ap-feedback,Block_5_female_1speaker_present_word_6_serial_1_1fixed_prac.wav,,,prac_corr,### word,,present,6,10,2000,"['AI_boo-changeduration_Stretch__0_4-changepitchmedian_200__0-changesemitones_-16.wav'
 'AI_ba-changeduration_Stretch__0_4-changepitchmedian_200__0-changesemitones_-16.wav'
 'AI_da-changeduration_Stretch__0_4-changepitchmedian_200__0-changesemitones_-16.wav'
 'AI_gee-changeduration_Stretch__0_4-changepitchmedian_200__0-changesemitones_-16.wav'
 'AI_ga-changeduration_Stretch__0_4-changepitchmedian_200__0-changesemitones_-16.wav'
 'AI_bee-changeduration_Stretch__0_4-changepitchmedian_200__0-changesemitones_-16.wav']",AI_ba-changeduration_Stretch__0_4-changepitchmedian_200__0-changesemitones_-16.wav,1,,fixed
22,1680893517900,07/04/2023 18:51:57,1680893354763,-4,07/04/2023 14:49:14,127771,4,task-75vj,,28738738,BLIND,8554460,,complete,,,computer,Desktop or Laptop,Windows 10,Chrome 111.0.0.0,1920x1200,1920x1057,,Perceptual Organization Pilot - Audio,78,,,,,SD-AP,Practice Good,AB,Practice Bad,AB,V4-AP-practice1,V4-AP-practice1,10,7,1,Screen 1,Zone1,content_web_audio,0.7000000029802322,,,AUDIO PLAY REQUESTED,1,0,1,0,,,,,2,task-ap-feedback,Block_5_male_1speaker_absent_word_6_serial_1_1rand_prac.wav,,,prac_corr,### word,,absent,6,10,2000,"['AP_goo-changeduration_Stretch__0_4-changepitchmedian_100__0-changesemitones_4.wav'
 'AP_ba-changeduration_Stretch__0_4-changepitchmedian_100__0-changesemitones_8.wav'
 'AP_doo-changeduration_Stretch__0_4-changepitchmedian_100__0-changesemitones_16.wav'
 'AP_boo-changeduration_Stretch__0_4-changepitchmedian_100__0-changesemitones_-12.wav'
 'AP_dee-changeduration_Stretch__0_4-changepitchmedian_100__0-changesemitones_12.wav'
 'AP_ga-changeduration_Stretch__0_4-changepitchmedian_100__0-changesemitones_-4.wav']",AP_gee-changeduration_Stretch__0_4-changepitchmedian_100__0-changesemitones_-16.wav,1,,rand
23,1680893522750,07/04/2023 18:52:02,1680893359616,-4,07/04/2023 14:49:19,127771,4,task-75vj,,28738738,BLIND,8554460,,complete,,,computer,Desktop or Laptop,Windows 10,Chrome 111.0.0.0,1920x1200,1920x1057,,Perceptual Organization Pilot - Audio,78,,,,,SD-AP,Practice Good,AB,Practice Bad,AB,V4-AP-practice1,V4-AP-practice1,10,7,1,Screen 1,Zone1,content_web_audio,4852.9000000059605,,,,,0,1,0,,,,,2,task-ap-feedback,Block_5_male_1speaker_absent_word_6_serial_1_1rand_prac.wav,,,prac_corr,### word,,absent,6,10,2000,"['AP_goo-changeduration_Stretch__0_4-changepitchmedian_100__0-changesemitones_4.wav'
 'AP_ba-changeduration_Stretch__0_4-changepitchmedian_100__0-changesemitones_8.wav'
 'AP_doo-changeduration_Stretch__0_4-changepitchmedian_100__0-changesemitones_16.wav'
 'AP_boo-changeduration_Stretch__0_4-changepitchmedian_100__0-changesemitones_-12.wav'
 'AP_dee-changeduration_Stretch__0_4-changepitchmedian_100__0-changesemitones_12.wav'
 'AP_ga-changeduration_Stretch__0_4-changepitchmedian_100__0-changesemitones_-4.wav']",AP_gee-changeduration_Stretch__0_4-changepitchmedian_100__0-changesemitones_-16.wav,1,,rand
24,1680893523779,07/04/2023 18:52:03,1680893360645,-4,07/04/2023 14:49:20,127771,4,task-75vj,,28738738,BLIND,8554460,,complete,,,computer,Desktop or Laptop,Windows 10,Chrome 111.0.0.0,1920x1200,1920x1057,,Perceptual Organization Pilot - Audio,78,,,,,SD-AP,Practice Good,AB,Practice Bad,AB,V4-AP-practice1,V4-AP-practice1,10,7,2,Screen 2,buttonA,response_button_text,1006.3999999910593,,,present,1,0,1,0,,,,,2,task-ap-feedback,Block_5_male_1speaker_absent_word_6_serial_1_1rand_prac.wav,,,prac_corr,### word,,absent,6,10,2000,"['AP_goo-changeduration_Stretch__0_4-changepitchmedian_100__0-changesemitones_4.wav'
 'AP_ba-changeduration_Stretch__0_4-changepitchmedian_100__0-changesemitones_8.wav'
 'AP_doo-changeduration_Stretch__0_4-changepitchmedian_100__0-changesemitones_16.wav'
 'AP_boo-changeduration_Stretch__0_4-changepitchmedian_100__0-changesemitones_-12.wav'
 'AP_dee-changeduration_Stretch__0_4-changepitchmedian_100__0-changesemitones_12.wav'
 'AP_ga-changeduration_Stretch__0_4-changepitchmedian_100__0-changesemitones_-4.wav']",AP_gee-changeduration_Stretch__0_4-changepitchmedian_100__0-changesemitones_-16.wav,1,,rand
25,1680893524285,07/04/2023 18:52:04,1680893361145,-4,07/04/2023 14:49:21,127771,4,task-75vj,,28738738,BLIND,8554460,,complete,,,computer,Desktop or Laptop,Windows 10,Chrome 111.0.0.0,1920x1200,1920x1057,,Perceptual Organization Pilot - Audio,78,,,,,SD-AP,Practice Good,AB,Practice Bad,AB,V4-AP-practice1,V4-AP-practice1,9,8,1,Screen 1,Zone1,content_web_audio,0.29999999701976776,,,AUDIO PLAY REQUESTED,1,0,1,0,,,,,2,task-ap-feedback,Block_5_female_1speaker_present_word_6_serial_4_1rand_prac.wav,,,prac_corr,### word,,present,6,10,2000,"['AI_goo-changeduration_Stretch__0_4-changepitchmedian_200__0-changesemitones_12.wav'
 'AI_da-changeduration_Stretch__0_4-changepitchmedian_200__0-changesemitones_4.wav'
 'AI_boo-changeduration_Stretch__0_4-changepitchmedian_200__0-changesemitones_8.wav'
 'AI_dee-changeduration_Stretch__0_4-changepitchmedian_200__0-changesemitones_16.wav'
 'AI_bee-changeduration_Stretch__0_4-changepitchmedian_200__0-changesemitones_-16.wav'
 'AI_ga-changeduration_Stretch__0_4-changepitchmedian_200__0.wav']",AI_bee-changeduration_Stretch__0_4-changepitchmedian_200__0-changesemitones_-4.wav,4,,rand
26,1680893529141,07/04/2023 18:52:09,1680893365997,-4,07/04/2023 14:49:25,127771,4,task-75vj,,28738738,BLIND,8554460,,complete,,,computer,Desktop or Laptop,Windows 10,Chrome 111.0.0.0,1920x1200,1920x1057,,Perceptual Organization Pilot - Audio,78,,,,,SD-AP,Practice Good,AB,Practice Bad,AB,V4-AP-practice1,V4-AP-practice1,9,8,1,Screen 1,Zone1,content_web_audio,4852.20000000298,,,,,0,1,0,,,,,2,task-ap-feedback,Block_5_female_1speaker_present_word_6_serial_4_1rand_prac.wav,,,prac_corr,### word,,present,6,10,2000,"['AI_goo-changeduration_Stretch__0_4-changepitchmedian_200__0-changesemitones_12.wav'
 'AI_da-changeduration_Stretch__0_4-changepitchmedian_200__0-changesemitones_4.wav'
 'AI_boo-changeduration_Stretch__0_4-changepitchmedian_200__0-changesemitones_8.wav'
 'AI_dee-changeduration_Stretch__0_4-changepitchmedian_200__0-changesemitones_16.wav'
 'AI_bee-changeduration_Stretch__0_4-changepitchmedian_200__0-changesemitones_-16.wav'
 'AI_ga-changeduration_Stretch__0_4-changepitchmedian_200__0.wav']",AI_bee-changeduration_Stretch__0_4-changepitchmedian_200__0-changesemitones_-4.wav,4,,rand
27,1680893529892,07/04/2023 18:52:09,1680893366757,-4,07/04/2023 14:49:26,127771,4,task-75vj,,28738738,BLIND,8554460,,complete,,,computer,Desktop or Laptop,Windows 10,Chrome 111.0.0.0,1920x1200,1920x1057,,Perceptual Organization Pilot - Audio,78,,,,,SD-AP,Practice Good,AB,Practice Bad,AB,V4-AP-practice1,V4-AP-practice1,9,8,2,Screen 2,buttonA,response_button_text,736.7000000029802,,,present,1,1,0,0,,,,,2,task-ap-feedback,Block_5_female_1speaker_present_word_6_serial_4_1rand_prac.wav,,,prac_corr,### word,,present,6,10,2000,"['AI_goo-changeduration_Stretch__0_4-changepitchmedian_200__0-changesemitones_12.wav'
 'AI_da-changeduration_Stretch__0_4-changepitchmedian_200__0-changesemitones_4.wav'
 'AI_boo-changeduration_Stretch__0_4-changepitchmedian_200__0-changesemitones_8.wav'
 'AI_dee-changeduration_Stretch__0_4-changepitchmedian_200__0-changesemitones_16.wav'
 'AI_bee-changeduration_Stretch__0_4-changepitchmedian_200__0-changesemitones_-16.wav'
 'AI_ga-changeduration_Stretch__0_4-changepitchmedian_200__0.wav']",AI_bee-changeduration_Stretch__0_4-changepitchmedian_200__0-changesemitones_-4.wav,4,,rand
28,1680893530379,07/04/2023 18:52:10,1680893367246,-4,07/04/2023 14:49:27,127771,4,task-75vj,,28738738,BLIND,8554460,,complete,,,computer,Desktop or Laptop,Windows 10,Chrome 111.0.0.0,1920x1200,1920x1057,,Perceptual Organization Pilot - Audio,78,,,,,SD-AP,Practice Good,AB,Practice Bad,AB,V4-AP-practice1,,,END TASK,,,,,59595,,,,,0,1,0,,,,,,,,,,,,,,,,,,,,,
END OF FILE
